{"type":"FeatureCollection","features":[{"type":"Feature","properties":{"c":"0205","en":"Aek Phnum","km":"ឯកភ្នំ"},"geometry":{"type":"Polygon","coordinates":[[[103.2155,13.1391],[103.2163,13.1427],[103.2215,13.1391],[103.2155,13.1391],[103.2137,13.1207],[103.2777,13.1141],[103.2847,13.1499],[103.3031,13.1525],[103.3309,13.1797],[103.3477,13.1861],[103.3749,13.2425],[103.4683,13.1969],[103.6241,13.1073],[103.6415,13.1147],[103.6517,13.1115],[103.6739,13.1153],[103.6843,13.1115],[103.7055,13.1149],[103.7027,13.1763],[103.6913,13.2117],[103.6851,13.2165],[103.6933,13.2471],[103.7077,13.2643],[103.6833,13.2861],[103.6695,13.2747],[103.6431,13.2941],[103.6277,13.2979],[103.6105,13.2923],[103.5929,13.2941],[103.5801,13.3139],[103.5607,13.3115],[103.5531,13.3319],[103.5285,13.3409],[103.5231,13.3503],[103.5061,13.3527],[103.4937,13.3445],[103.4771,13.3537],[103.4631,13.3465],[103.4195,13.3683],[103.3955,13.3585],[103.3745,13.3731],[103.3527,13.3813],[103.2675,13.3857],[103.2625,13.3837],[103.2649,13.3657],[103.2731,13.3605],[103.2665,13.3631],[103.2651,13.3585],[103.2713,13.3493],[103.2839,13.2865],[103.2127,13.2763],[103.1745,13.2387],[103.1589,13.2315],[103.1569,13.2033],[103.1749,13.1727],[103.1757,13.1595],[103.2053,13.1519],[103.2071,13.1401],[103.2155,13.1391]]]}},{"type":"Feature","properties":{"c":"1601","en":"Andoung Meas","km":"អណ្ដូងមាស"},"geometry":{"type":"Polygon","coordinates":[[[107.3293,14.1313],[107.3153,14.1343],[107.2965,14.1247],[107.2341,14.0451],[107.1845,14.0013],[107.1643,13.9977],[107.1675,13.9723],[107.1609,13.9633],[107.1561,13.9343],[107.1631,13.9289],[107.1667,13.9145],[107.1513,13.8921],[107.1557,13.8889],[107.1551,13.8739],[107.1625,13.8605],[107.1587,13.8309],[107.1603,13.8269],[107.1811,13.8303],[107.1963,13.8387],[107.2187,13.8249],[107.2395,13.8237],[107.2541,13.8089],[107.2689,13.8115],[107.3043,13.8051],[107.3619,13.8387],[107.3593,13.8187],[107.3635,13.8117],[107.3885,13.8075],[107.4169,13.7863],[107.4519,13.7945],[107.4613,13.8133],[107.4567,13.8301],[107.4731,13.8523],[107.4543,13.8721],[107.4693,13.8893],[107.4725,13.9145],[107.4703,13.9213],[107.4581,13.9231],[107.4539,13.9301],[107.4557,13.9785],[107.4439,13.9967],[107.3875,13.9905],[107.3579,14.0169],[107.3585,14.0289],[107.3655,14.0339],[107.3651,14.0617],[107.3711,14.0693],[107.3717,14.0837],[107.3441,14.1071],[107.3353,14.1097],[107.3401,14.1321],[107.3293,14.1313]]]}},{"type":"Feature","properties":{"c":"0808","en":"Angk Snuol","km":"អង្គស្នួល"},"geometry":{"type":"Polygon","coordinates":[[[104.7427,11.6709],[104.7285,11.6891],[104.7111,11.6821],[104.6935,11.6657],[104.6781,11.6015],[104.6787,11.5607],[104.6619,11.4949],[104.6565,11.4495],[104.6777,11.4591],[104.7009,11.4457],[104.7139,11.4463],[104.7151,11.4549],[104.7243,11.4583],[104.7375,11.4553],[104.7415,11.4491],[104.7463,11.4825],[104.7503,11.4893],[104.7629,11.4927],[104.7671,11.5013],[104.7673,11.5201],[104.7559,11.5303],[104.7447,11.5305],[104.7419,11.5439],[104.7279,11.5447],[104.7201,11.5617],[104.7209,11.5717],[104.7127,11.5765],[104.7293,11.5757],[104.7355,11.5821],[104.7321,11.5891],[104.7345,11.6059],[104.7425,11.6463],[104.7489,11.6563],[104.7427,11.6709]]]}},{"type":"Feature","properties":{"c":"2101","en":"Angkor Borei","km":"អង្គរបូរី"},"geometry":{"type":"Polygon","coordinates":[[[104.9089,11.0931],[104.9077,11.1007],[104.8961,11.1021],[104.8865,11.0823],[104.8729,11.0805],[104.8727,11.0757],[104.8501,11.0753],[104.8503,11.0697],[104.8325,11.0567],[104.8349,11.0405],[104.8417,11.0353],[104.8439,11.0257],[104.8623,11.0117],[104.8641,10.9987],[104.8813,10.9765],[104.8773,10.9707],[104.8895,10.9573],[104.8971,10.9555],[104.8983,10.9631],[104.9069,10.9681],[104.9271,10.9645],[104.9365,10.9693],[104.9389,10.9429],[104.9697,10.9039],[105.0373,10.8433],[105.0497,10.8379],[105.0303,10.8889],[105.0363,10.8977],[105.0335,10.9107],[105.0425,10.9281],[105.0315,10.9605],[105.0311,10.9887],[104.9937,10.9983],[104.9913,11.0047],[104.9979,11.0293],[104.9931,11.0355],[104.9987,11.0493],[104.9963,11.0559],[105.0023,11.0603],[105.0067,11.0777],[104.9083,11.0765],[104.9089,11.0931]]]}},{"type":"Feature","properties":{"c":"0701","en":"Angkor Chey","km":"អង្គរជ័យ"},"geometry":{"type":"Polygon","coordinates":[[[104.6587,10.9061],[104.6183,10.9023],[104.5853,10.8863],[104.5623,10.8875],[104.5583,10.8519],[104.5663,10.8393],[104.5601,10.8313],[104.5607,10.8227],[104.5335,10.8297],[104.5311,10.8261],[104.5349,10.8161],[104.5291,10.7755],[104.5327,10.7649],[104.5491,10.7651],[104.5595,10.7475],[104.5669,10.7435],[104.5859,10.7497],[104.5907,10.7593],[104.6083,10.7529],[104.6227,10.7559],[104.6259,10.7383],[104.6393,10.7253],[104.6351,10.6795],[104.6591,10.6837],[104.6721,10.6911],[104.6733,10.7005],[104.7021,10.7411],[104.7039,10.7647],[104.7291,10.7803],[104.7061,10.8065],[104.7067,10.8351],[104.6919,10.8729],[104.6743,10.8941],[104.6743,10.8999],[104.6587,10.9061]]]}},{"type":"Feature","properties":{"c":"1701","en":"Angkor Chum","km":"អង្គរជុំ"},"geometry":{"type":"Polygon","coordinates":[[[103.7383,13.8401],[103.7347,13.8487],[103.7085,13.8397],[103.6577,13.8393],[103.6307,13.8249],[103.6125,13.7825],[103.6139,13.6953],[103.5927,13.6825],[103.5859,13.6609],[103.5871,13.6375],[103.5819,13.6323],[103.6655,13.6311],[103.6887,13.6001],[103.7125,13.5941],[103.7393,13.5959],[103.7639,13.6181],[103.7653,13.6317],[103.7853,13.6545],[103.8373,13.6833],[103.8573,13.7113],[103.8811,13.7211],[103.8847,13.7279],[103.8817,13.7309],[103.8647,13.7429],[103.8395,13.7519],[103.8121,13.7581],[103.7063,13.7581],[103.7027,13.7639],[103.6805,13.7691],[103.7101,13.7889],[103.7341,13.7969],[103.7417,13.8275],[103.7383,13.8401]]]}},{"type":"Feature","properties":{"c":"1702","en":"Angkor Thum","km":"អង្គរធំ"},"geometry":{"type":"Polygon","coordinates":[[[103.8587,13.6989],[103.8501,13.7017],[103.8373,13.6833],[103.7853,13.6545],[103.7653,13.6317],[103.7639,13.6181],[103.7527,13.6087],[103.7881,13.5685],[103.8087,13.5641],[103.7877,13.5495],[103.7783,13.5317],[103.7805,13.5067],[103.8001,13.5031],[103.8179,13.4767],[103.8137,13.4697],[103.9109,13.4687],[103.9125,13.4557],[103.9207,13.4571],[103.9249,13.4703],[103.9195,13.4833],[103.9221,13.4935],[103.9145,13.5077],[103.9191,13.5337],[103.9133,13.5485],[103.9325,13.5675],[103.9329,13.5761],[103.9201,13.5981],[103.9241,13.6337],[103.9183,13.6565],[103.9281,13.6833],[103.9115,13.6957],[103.8857,13.6873],[103.8587,13.6989]]]}},{"type":"Feature","properties":{"c":"2201","en":"Anlong Veaeng","km":"អន្លង់វែង"},"geometry":{"type":"Polygon","coordinates":[[[104.1183,14.3757],[104.1091,14.3779],[104.0911,14.3503],[104.0671,14.3423],[104.0301,14.3391],[104.0129,14.3455],[104.0095,14.3559],[103.9949,14.3457],[103.9799,14.3547],[103.9715,14.3499],[103.9507,14.3507],[103.9467,14.3323],[103.9413,14.3307],[103.9007,14.3385],[103.8993,14.3451],[103.8811,14.3395],[103.8615,14.3573],[103.8601,14.3671],[103.8417,14.3717],[103.8335,14.3683],[103.8283,14.3569],[103.8297,13.9663],[104.1129,13.9667],[104.1115,13.9549],[104.1479,13.9597],[104.1629,13.9563],[104.1595,14.3567],[104.1411,14.3557],[104.1373,14.3579],[104.1375,14.3733],[104.1183,14.3757]]]}},{"type":"Feature","properties":{"c":"0504","en":"Aoral","km":"ឱរ៉ាល់"},"geometry":{"type":"Polygon","coordinates":[[[104.2099,12.0399],[104.1993,12.0767],[104.1887,12.0675],[104.1801,12.0377],[104.1649,12.0481],[104.1493,12.0507],[104.1391,12.0427],[104.1141,12.0471],[104.1025,12.0377],[104.0951,12.0387],[104.0971,12.0207],[104.0871,11.9817],[104.0779,11.9847],[104.0729,11.9689],[104.0579,11.9685],[104.0505,11.9557],[104.0621,11.9235],[104.0435,11.9215],[104.0197,11.9013],[103.9917,11.9029],[103.9737,11.9359],[103.9429,11.9437],[103.9351,11.9357],[103.9179,11.9307],[103.9165,11.9117],[103.9213,11.8987],[103.9139,11.8909],[103.8923,11.8849],[103.8733,11.8607],[103.8747,11.8493],[103.8307,11.8357],[103.7847,11.8495],[103.7813,11.8321],[103.7843,11.8087],[103.7933,11.8011],[103.7929,11.7907],[103.7735,11.7729],[103.7829,11.7517],[103.7739,11.7209],[103.7761,11.7109],[103.7993,11.6865],[103.8021,11.6775],[103.7953,11.6245],[103.8189,11.6181],[103.8327,11.6075],[103.8387,11.5961],[103.8585,11.5839],[103.8619,11.5745],[103.8817,11.5671],[103.8877,11.5587],[103.9137,11.5515],[103.9177,11.5371],[103.9289,11.5329],[103.9375,11.5171],[103.9581,11.5173],[103.9757,11.5265],[103.9821,11.5239],[104.0017,11.5299],[104.0173,11.5167],[104.0253,11.5015],[104.0399,11.4949],[104.0543,11.4951],[104.0839,11.5095],[104.1011,11.5037],[104.1087,11.5103],[104.1171,11.5103],[104.1383,11.4983],[104.1573,11.4963],[104.1941,11.4801],[104.2145,11.5053],[104.2413,11.5201],[104.2475,11.5297],[104.2571,11.5283],[104.2587,11.5133],[104.2813,11.5145],[104.2927,11.5013],[104.2953,11.5035],[104.3015,11.5269],[104.3013,11.5493],[104.2745,11.5737],[104.2829,11.5903],[104.3029,11.6003],[104.3043,11.6079],[104.2845,11.6149],[104.2817,11.6313],[104.2867,11.6529],[104.2683,11.6651],[104.2611,11.6927],[104.2527,11.7023],[104.2365,11.7095],[104.2253,11.7323],[104.2325,11.7447],[104.2427,11.7491],[104.2435,11.9425],[104.2565,11.9567],[104.2631,11.9793],[104.2519,12.0053],[104.2211,12.0143],[104.2099,12.0399]]]}},{"type":"Feature","properties":{"c":"1401","en":"Ba Phnum","km":"បាភ្នំ"},"geometry":{"type":"Polygon","coordinates":[[[105.4129,11.4009],[105.3817,11.4003],[105.3819,11.3769],[105.3557,11.3615],[105.3579,11.3425],[105.3269,11.3429],[105.3361,11.2957],[105.3185,11.2823],[105.3163,11.2693],[105.3323,11.2501],[105.3429,11.2461],[105.3495,11.2253],[105.3763,11.2213],[105.3955,11.2063],[105.4603,11.1733],[105.4971,11.2075],[105.4997,11.2359],[105.5085,11.2409],[105.5267,11.2415],[105.5405,11.2585],[105.5183,11.2773],[105.4971,11.3145],[105.4837,11.3119],[105.4755,11.3429],[105.4633,11.3463],[105.4571,11.3603],[105.4295,11.3581],[105.4287,11.3787],[105.4143,11.3795],[105.4259,11.3899],[105.4145,11.3923],[105.4181,11.3991],[105.4129,11.4009]]]}},{"type":"Feature","properties":{"c":"1501","en":"Bakan","km":"បាកាន"},"geometry":{"type":"Polygon","coordinates":[[[103.7907,12.9331],[103.7845,12.9545],[103.7931,12.9585],[103.7893,12.9785],[103.7525,13.0105],[103.7443,13.0097],[103.7183,12.9709],[103.7205,12.9529],[103.7293,12.9481],[103.7321,12.9327],[103.7123,12.9263],[103.7011,12.9149],[103.6945,12.8695],[103.6889,12.8633],[103.6685,12.8635],[103.6435,12.8545],[103.6333,12.8451],[103.6323,12.8231],[103.6445,12.8163],[103.6331,12.7861],[103.6231,12.7777],[103.6199,12.7481],[103.6237,12.7211],[103.6307,12.7149],[103.6355,12.6999],[103.6193,12.6771],[103.6451,12.6633],[103.6485,12.6395],[103.6369,12.6295],[103.6357,12.6131],[103.6405,12.6081],[103.6327,12.5959],[103.6425,12.5781],[103.6227,12.5601],[103.6113,12.5273],[103.6025,12.5229],[103.5627,12.5211],[103.5139,12.5043],[103.4863,12.5147],[103.4587,12.5355],[103.4467,12.5383],[103.4609,12.5237],[103.4727,12.4995],[103.4873,12.4879],[103.5261,12.4257],[103.5677,12.3803],[103.6677,12.4249],[103.6811,12.4351],[103.6891,12.4447],[103.6901,12.4645],[103.6999,12.4755],[103.7339,12.4899],[103.7379,12.5171],[103.7903,12.4925],[103.7873,12.5191],[103.7947,12.5285],[103.8341,12.5315],[103.8613,12.5237],[103.8721,12.5389],[103.8749,12.5579],[103.8841,12.5757],[103.8803,12.5839],[103.8863,12.6201],[103.8813,12.6445],[103.8843,12.6621],[103.8859,12.6661],[103.8997,12.6645],[103.9021,12.6679],[103.9083,12.7039],[103.9069,12.7237],[103.9181,12.7363],[103.9237,12.7605],[103.9349,12.7737],[103.9367,12.7943],[103.8989,12.8217],[103.8979,12.8299],[103.9097,12.8423],[103.9023,12.8479],[103.9023,12.8641],[103.8771,12.8653],[103.8777,12.8777],[103.8737,12.8835],[103.8671,12.8827],[103.8627,12.8971],[103.8443,12.8999],[103.8355,12.9137],[103.8115,12.8993],[103.8111,12.9027],[103.8035,12.9017],[103.7919,12.9169],[103.7907,12.9331]]]}},{"type":"Feature","properties":{"c":"1602","en":"Ban Lung","km":"ក្រុងបានលុង"},"geometry":{"type":"Polygon","coordinates":[[[107.0303,13.7637],[106.9843,13.7557],[106.9575,13.7435],[106.9431,13.7313],[106.9435,13.7183],[106.9573,13.7075],[106.9599,13.6961],[106.9703,13.6919],[106.9905,13.6449],[107.0117,13.6329],[107.0189,13.6175],[107.0421,13.6041],[107.0421,13.5857],[107.0699,13.5811],[107.0827,13.5907],[107.0875,13.6015],[107.0875,13.6255],[107.0795,13.6497],[107.0873,13.6595],[107.0861,13.6709],[107.0917,13.6753],[107.0907,13.6945],[107.0797,13.7131],[107.0849,13.7375],[107.0721,13.7455],[107.0497,13.7469],[107.0407,13.7631],[107.0303,13.7637]]]}},{"type":"Feature","properties":{"c":"0201","en":"Banan","km":"បាណន់"},"geometry":{"type":"Polygon","coordinates":[[[102.9057,13.1357],[102.9061,13.1165],[102.9267,13.0755],[102.8291,13.0379],[102.8617,12.9657],[102.9591,12.9495],[102.9571,12.9421],[103.0025,12.9239],[103.0443,12.8615],[103.0303,12.8399],[103.0401,12.7707],[103.1673,12.8321],[103.2209,12.8925],[103.2213,12.9509],[103.2099,12.9479],[103.1973,12.9983],[103.1695,13.0005],[103.1581,13.0091],[103.1639,13.0135],[103.1621,13.0171],[103.1711,13.0109],[103.1745,13.0251],[103.1875,13.0263],[103.1905,13.0331],[103.1601,13.0349],[103.1469,13.0311],[103.1411,13.0515],[103.1313,13.0455],[103.1255,13.0525],[103.0849,13.0513],[103.0807,13.0863],[103.0735,13.0867],[103.0719,13.0943],[103.0429,13.1041],[103.0383,13.1251],[103.0429,13.1333],[103.0391,13.1349],[102.9057,13.1357]]]}},{"type":"Feature","properties":{"c":"2202","en":"Banteay Ampil","km":"បន្ទាយអំពិល"},"geometry":{"type":"Polygon","coordinates":[[[103.4233,14.3595],[103.4203,14.3833],[103.4121,14.3717],[103.4005,14.3699],[103.4023,14.3585],[103.3807,14.3529],[103.3529,14.3527],[103.3407,14.3603],[103.3311,14.3511],[103.3169,14.3567],[103.2817,14.3483],[103.2649,14.3509],[103.2197,14.3239],[103.1689,14.3351],[103.1529,14.3165],[103.1419,14.3261],[103.1297,14.3203],[103.1303,14.3075],[103.1209,14.3017],[103.0811,14.2957],[103.0739,14.2861],[103.0563,14.2833],[103.0553,14.2723],[103.0387,14.2525],[103.0319,14.2503],[103.0761,14.1635],[103.0827,14.1411],[103.1113,14.1163],[103.1431,14.1087],[103.1643,14.1121],[103.1791,14.1065],[103.2103,14.1093],[103.2003,14.0837],[103.2003,14.0687],[103.1869,14.0545],[103.1957,14.0391],[103.1929,14.0233],[103.1869,14.0113],[103.1705,13.9969],[103.2041,13.9393],[103.2189,13.9501],[103.2645,13.9551],[103.3285,14.0257],[103.3869,13.9351],[103.4407,13.9163],[103.4459,13.9223],[103.4441,13.9431],[103.4341,13.9531],[103.4299,13.9697],[103.4285,13.9777],[103.4363,13.9893],[103.4307,13.9991],[103.4245,14.0385],[103.4199,14.0463],[103.3983,14.0553],[103.3943,14.0677],[103.3859,14.0755],[103.3921,14.0985],[103.3843,14.1241],[103.3877,14.1467],[103.4003,14.1653],[103.4029,14.1881],[103.4149,14.2031],[103.4201,14.2267],[103.4263,14.2345],[103.4297,14.2611],[103.4421,14.2681],[103.4529,14.2839],[103.4527,14.2995],[103.4331,14.3339],[103.4289,14.3347],[103.4233,14.3595]]]}},{"type":"Feature","properties":{"c":"0702","en":"Banteay Meas","km":"បន្ទាយមាស"},"geometry":{"type":"Polygon","coordinates":[[[104.5327,10.7649],[104.5293,10.7789],[104.5101,10.7673],[104.5115,10.7193],[104.5263,10.7117],[104.5319,10.7017],[104.5315,10.6973],[104.5135,10.6929],[104.5113,10.6269],[104.5205,10.6065],[104.5385,10.5921],[104.5351,10.5775],[104.5409,10.5681],[104.5487,10.5615],[104.5779,10.5541],[104.5995,10.5343],[104.6179,10.5275],[104.6449,10.5295],[104.6501,10.5397],[104.7179,10.5343],[104.7121,10.5509],[104.7129,10.5753],[104.7065,10.5891],[104.7135,10.6095],[104.7077,10.6191],[104.6739,10.6213],[104.6769,10.6361],[104.6721,10.6911],[104.6591,10.6837],[104.6351,10.6795],[104.6393,10.7253],[104.6259,10.7383],[104.6227,10.7559],[104.6083,10.7529],[104.5907,10.7593],[104.5859,10.7497],[104.5669,10.7435],[104.5595,10.7475],[104.5491,10.7651],[104.5327,10.7649]]]}},{"type":"Feature","properties":{"c":"1703","en":"Banteay Srei","km":"បន្ទាយស្រី"},"geometry":{"type":"Polygon","coordinates":[[[104.0849,13.7533],[104.0779,13.7697],[104.0689,13.7633],[104.0605,13.7513],[104.0531,13.7181],[104.0491,13.7223],[104.0509,13.7379],[104.0425,13.7387],[104.0253,13.7085],[104.0139,13.7125],[103.9273,13.6803],[103.9183,13.6565],[103.9241,13.6337],[103.9201,13.5981],[103.9329,13.5761],[103.9325,13.5675],[103.9133,13.5485],[103.9191,13.5337],[103.9145,13.5077],[103.9221,13.4935],[103.9195,13.4833],[103.9249,13.4703],[103.9207,13.4571],[103.9125,13.4557],[103.9215,13.4467],[103.9235,13.4275],[104.0153,13.4237],[104.0299,13.4337],[104.0355,13.4479],[104.0491,13.4463],[104.0757,13.4535],[104.0905,13.4447],[104.1041,13.4527],[104.1051,13.4779],[104.1155,13.4891],[104.1189,13.5017],[104.1003,13.5387],[104.0755,13.5699],[104.0793,13.5993],[104.0947,13.6033],[104.1009,13.6103],[104.1033,13.6325],[104.0903,13.6523],[104.0903,13.6765],[104.1085,13.7023],[104.1133,13.7261],[104.0991,13.7515],[104.0849,13.7533]]]}},{"type":"Feature","properties":{"c":"1603","en":"Bar Kaev","km":"បរកែវ"},"geometry":{"type":"Polygon","coordinates":[[[107.2219,13.8239],[107.1963,13.8387],[107.1705,13.8291],[107.1493,13.7843],[107.1371,13.7827],[107.1401,13.7727],[107.1361,13.7603],[107.1185,13.7599],[107.1153,13.7487],[107.0849,13.7375],[107.0797,13.7131],[107.0907,13.6945],[107.0917,13.6753],[107.0861,13.6709],[107.0873,13.6595],[107.0795,13.6497],[107.0875,13.6255],[107.0955,13.6199],[107.0951,13.6123],[107.0999,13.6157],[107.1395,13.6033],[107.2009,13.6007],[107.2329,13.5921],[107.2699,13.5955],[107.2653,13.6241],[107.2687,13.6745],[107.2639,13.6983],[107.2715,13.7061],[107.2689,13.7161],[107.2825,13.7245],[107.2895,13.7527],[107.3007,13.7555],[107.3059,13.7739],[107.3243,13.7797],[107.3247,13.8173],[107.3043,13.8051],[107.2883,13.8055],[107.2689,13.8115],[107.2541,13.8089],[107.2395,13.8237],[107.2219,13.8239]]]}},{"type":"Feature","properties":{"c":"0601","en":"Baray","km":"បារាយណ៍"},"geometry":{"type":"Polygon","coordinates":[[[105.2233,12.5379],[105.2171,12.5415],[105.2149,12.5359],[105.1803,12.5207],[105.1703,12.5239],[105.1671,12.5109],[105.1567,12.5021],[105.1397,12.5033],[105.1365,12.4961],[105.1281,12.5025],[105.1101,12.4945],[105.1009,12.5009],[105.0949,12.4935],[105.0919,12.5087],[105.0755,12.5237],[105.0653,12.5259],[105.0689,12.5375],[105.0647,12.5397],[105.0371,12.5193],[105.0311,12.5237],[105.0203,12.5201],[105.0041,12.5387],[104.9867,12.5295],[104.9579,12.5241],[104.9533,12.5077],[104.9595,12.5017],[104.9565,12.4919],[104.9629,12.4727],[104.9463,12.4545],[104.9049,12.4547],[104.9021,12.4423],[104.8939,12.4429],[104.8917,12.4483],[104.8799,12.4347],[104.8779,12.4213],[104.8895,12.4119],[104.8883,12.4017],[104.8957,12.3927],[104.8939,12.3825],[104.9003,12.3697],[104.8911,12.3543],[104.8925,12.3427],[104.8627,12.3237],[104.8519,12.3031],[104.8547,12.2953],[104.8513,12.2871],[104.8727,12.2381],[104.8835,12.2381],[104.9017,12.2465],[104.9059,12.2569],[104.9185,12.2623],[104.9629,12.2581],[104.9677,12.2667],[105.0121,12.2205],[105.0221,12.2185],[105.0571,12.2261],[105.0999,12.2221],[105.1017,12.2057],[105.1127,12.2041],[105.1261,12.2091],[105.1329,12.2183],[105.1445,12.2199],[105.1639,12.2107],[105.1739,12.1953],[105.1857,12.1955],[105.1933,12.1901],[105.2019,12.1997],[105.1901,12.2415],[105.1957,12.2629],[105.1725,12.2847],[105.1655,12.3141],[105.1693,12.3295],[105.1527,12.3345],[105.1293,12.3655],[105.1473,12.3789],[105.1603,12.3815],[105.1695,12.4005],[105.1993,12.3925],[105.2179,12.4011],[105.2359,12.3945],[105.2613,12.3999],[105.2799,12.3827],[105.3147,12.3829],[105.3285,12.3717],[105.3319,12.3577],[105.3469,12.3569],[105.3643,12.3665],[105.3777,12.4079],[105.3753,12.4119],[105.3827,12.4201],[105.3921,12.4553],[105.4015,12.4681],[105.4001,12.4803],[105.3927,12.4829],[105.3941,12.4881],[105.3777,12.4887],[105.3671,12.4999],[105.3733,12.5185],[105.3671,12.5147],[105.3607,12.5195],[105.3559,12.5171],[105.3513,12.5299],[105.3431,12.5265],[105.3255,12.5305],[105.3201,12.5255],[105.3161,12.5323],[105.3077,12.5267],[105.3059,12.5311],[105.2973,12.5297],[105.2927,12.5347],[105.2857,12.5289],[105.2687,12.5341],[105.2613,12.5289],[105.2641,12.5201],[105.2563,12.5273],[105.2493,12.5239],[105.2295,12.5305],[105.2233,12.5379]]]}},{"type":"Feature","properties":{"c":"0401","en":"Baribour","km":"បរិបូណ៌"},"geometry":{"type":"MultiPolygon","coordinates":[[[[104.4753,12.5077],[104.4787,12.5091],[104.4723,12.5133],[104.4789,12.5139],[104.4949,12.5025],[104.5157,12.4583],[104.5293,12.4459],[104.5509,12.4391],[104.5713,12.4249],[104.5705,12.4361],[104.5793,12.4221],[104.5801,12.4323],[104.5747,12.4403],[104.6099,12.4173],[104.6151,12.4067],[104.6103,12.3969],[104.6109,12.3751],[104.6365,12.3497],[104.6093,12.3591],[104.5969,12.3575],[104.5799,12.3695],[104.5729,12.3607],[104.5703,12.3373],[104.5575,12.3269],[104.5587,12.3205],[104.5059,12.3635],[104.5027,12.3537],[104.4823,12.3419],[104.4513,12.3449],[104.4373,12.3263],[104.4257,12.3207],[104.4109,12.2973],[104.3969,12.2903],[104.3703,12.2919],[104.3609,12.3309],[104.3643,12.3375],[104.3389,12.3553],[104.3525,12.3979],[104.3763,12.4165],[104.3919,12.4203],[104.3807,12.4559],[104.3889,12.4979],[104.3867,12.5085],[104.3889,12.5119],[104.3969,12.5069],[104.4089,12.5125],[104.4249,12.5123],[104.4187,12.5235],[104.4063,12.5187],[104.3889,12.5223],[104.3847,12.5285],[104.3931,12.5325],[104.3895,12.5443],[104.3947,12.5435],[104.4019,12.5525],[104.4071,12.5413],[104.4243,12.5343],[104.4197,12.5325],[104.4261,12.5247],[104.4429,12.5145],[104.4375,12.5145],[104.4457,12.5099],[104.4615,12.5131],[104.4753,12.5077]]],[[[104.4479,12.5123],[104.4457,12.5099],[104.4429,12.5145],[104.4479,12.5123]]],[[[104.4553,12.5169],[104.4459,12.5161],[104.4443,12.5191],[104.4487,12.5193],[104.4553,12.5169]]],[[[104.4405,12.5225],[104.4329,12.5245],[104.4277,12.5309],[104.4307,12.5311],[104.4405,12.5225]]]]}},{"type":"Feature","properties":{"c":"0501","en":"Basedth","km":"បរសេដ្ឋ"},"geometry":{"type":"Polygon","coordinates":[[[104.4975,11.2927],[104.4855,11.3017],[104.4771,11.3157],[104.4637,11.3203],[104.4627,11.3051],[104.4537,11.2955],[104.4351,11.2493],[104.4071,11.2269],[104.3883,11.2037],[104.3829,11.1689],[104.3879,11.1537],[104.4075,11.1379],[104.4285,11.1285],[104.4429,11.1329],[104.4617,11.1241],[104.4853,11.1237],[104.5125,11.1313],[104.5293,11.1125],[104.5423,11.1053],[104.6327,11.0787],[104.6783,11.0915],[104.6863,11.0875],[104.6843,11.1559],[104.6897,11.1885],[104.6555,11.1985],[104.6355,11.1983],[104.5841,11.2097],[104.6017,11.2347],[104.5347,11.3045],[104.5105,11.2933],[104.4975,11.2927]]]}},{"type":"Feature","properties":{"c":"0301","en":"Batheay","km":"បាធាយ"},"geometry":{"type":"Polygon","coordinates":[[[104.9783,12.2583],[104.9677,12.2667],[104.9629,12.2581],[104.9185,12.2623],[104.9059,12.2569],[104.9017,12.2465],[104.8835,12.2381],[104.8727,12.2381],[104.8773,12.2285],[104.8873,12.2239],[104.8827,12.2093],[104.8975,12.2083],[104.9003,12.2007],[104.9019,12.1591],[104.8861,12.1347],[104.8861,12.1215],[104.8685,12.0733],[104.8777,12.0741],[104.8881,12.0605],[104.8927,12.0405],[104.8877,12.0323],[104.8943,12.0187],[104.8843,11.9877],[104.8755,11.9901],[104.8599,11.9825],[104.8453,11.9511],[104.8331,11.9457],[104.8293,11.9373],[104.8279,11.9137],[104.8199,11.8969],[104.8229,11.8851],[104.8369,11.8685],[104.8315,11.8431],[104.8309,11.8267],[104.8343,11.8243],[104.8519,11.8269],[104.8537,11.8331],[104.8779,11.8189],[104.8841,11.8237],[104.8907,11.8223],[104.9035,11.8091],[104.9181,11.8093],[104.9323,11.8311],[104.9395,11.8343],[104.9557,11.8747],[104.9641,11.8569],[104.9853,11.8779],[105.0025,11.9195],[105.0031,11.9321],[105.0243,11.9583],[105.0107,11.9663],[104.9899,11.9693],[104.9757,11.9987],[104.9809,12.0687],[104.9873,12.0731],[104.9983,12.0723],[105.0105,12.0871],[105.0127,12.1303],[105.0215,12.1445],[105.0193,12.1549],[105.0271,12.1583],[105.0209,12.1697],[105.0191,12.1947],[105.0255,12.2045],[105.0255,12.2167],[105.0091,12.2225],[104.9871,12.2433],[104.9783,12.2583]]]}},{"type":"Feature","properties":{"c":"2102","en":"Bati","km":"បាទី"},"geometry":{"type":"Polygon","coordinates":[[[104.8013,11.3543],[104.7551,11.3369],[104.7325,11.3499],[104.7125,11.3245],[104.6927,11.2069],[104.7179,11.2057],[104.7329,11.1927],[104.7355,11.2045],[104.7595,11.2011],[104.7815,11.2221],[104.7911,11.2133],[104.8065,11.2167],[104.8141,11.2099],[104.8223,11.2163],[104.8337,11.2061],[104.8467,11.2051],[104.8675,11.2105],[104.8987,11.2083],[104.9001,11.2121],[104.9079,11.2089],[104.9315,11.2125],[104.9303,11.2303],[104.9451,11.2397],[104.9359,11.2473],[104.9261,11.2715],[104.9395,11.2985],[104.9381,11.3281],[104.9253,11.3273],[104.9133,11.3401],[104.8947,11.3493],[104.8653,11.3519],[104.8525,11.3417],[104.8347,11.3423],[104.8013,11.3543]]]}},{"type":"Feature","properties":{"c":"0203","en":"Battambang","km":"ក្រុងបាត់ដំបង"},"geometry":{"type":"MultiPolygon","coordinates":[[[[103.2163,13.1347],[103.2131,13.1171],[103.2307,13.1069],[103.2261,13.1003],[103.2305,13.0959],[103.2235,13.0863],[103.2271,13.0835],[103.2149,13.0789],[103.2151,13.0747],[103.2027,13.0803],[103.2037,13.0667],[103.1933,13.0531],[103.2009,13.0387],[103.1943,13.0417],[103.1875,13.0373],[103.1905,13.0331],[103.1601,13.0349],[103.1469,13.0311],[103.1411,13.0515],[103.1313,13.0455],[103.1255,13.0525],[103.0849,13.0513],[103.0807,13.0863],[103.1455,13.0921],[103.1447,13.1077],[103.1525,13.1083],[103.1587,13.1393],[103.1667,13.1393],[103.1699,13.1553],[103.1757,13.1595],[103.2053,13.1519],[103.2101,13.1371],[103.2155,13.1391],[103.2163,13.1347]]],[[[103.2163,13.1427],[103.2215,13.1391],[103.2155,13.1391],[103.2163,13.1427]]]]}},{"type":"Feature","properties":{"c":"0204","en":"Bavel","km":"បវេល"},"geometry":{"type":"MultiPolygon","coordinates":[[[[102.7057,13.0957],[102.7117,13.0971],[102.7115,13.0927],[102.7057,13.0957]]],[[[102.7195,13.0979],[102.7355,13.0951],[102.7341,13.1047],[102.7439,13.1011],[102.7469,13.1133],[102.7541,13.1117],[102.7635,13.1211],[102.7085,13.1995],[102.6895,13.1993],[102.6881,13.3809],[102.7157,13.3997],[102.7457,13.4117],[102.8493,13.3827],[102.8601,13.3879],[102.9215,13.3655],[102.9843,13.3611],[102.9989,13.3557],[102.9983,13.3477],[102.9929,13.3481],[102.9925,13.3321],[102.9827,13.3207],[102.9691,13.2699],[102.9621,13.2657],[102.9661,13.2595],[102.9561,13.2457],[102.9643,13.2353],[102.9057,13.1357],[102.9061,13.1165],[102.9267,13.0755],[102.8291,13.0379],[102.7901,13.0391],[102.7115,13.0927],[102.7195,13.0979]]]]}},{"type":"Feature","properties":{"c":"2008","en":"Bavet","km":"ក្រុងបាវិត"},"geometry":{"type":"Polygon","coordinates":[[[106.1749,11.0713],[106.1537,11.1015],[106.1449,11.1013],[106.1209,11.0883],[106.1071,11.0713],[106.1009,11.0745],[106.1001,11.0857],[106.0859,11.1005],[106.0817,11.0937],[106.0661,11.0905],[106.0577,11.0823],[106.0323,11.0841],[105.9799,11.0685],[105.9493,11.0643],[105.9491,11.0603],[105.9807,11.0315],[106.0253,11.0167],[106.0327,11.0027],[106.0597,11.0317],[106.0605,11.0439],[106.0789,11.0481],[106.0857,11.0259],[106.1107,10.9941],[106.1263,10.9863],[106.1485,10.9891],[106.1579,10.9797],[106.1981,10.9731],[106.2051,10.9797],[106.1941,11.0019],[106.1873,11.0523],[106.1749,11.0713]]]}},{"type":"Feature","properties":{"c":"2103","en":"Borei Cholsar","km":"បូរីជលសារ"},"geometry":{"type":"Polygon","coordinates":[[[104.9909,10.8857],[104.9633,10.9123],[104.8893,10.9111],[104.8807,10.8863],[104.8535,10.8853],[104.8529,10.8403],[104.8955,10.8403],[104.8955,10.8467],[104.9377,10.8455],[104.9505,10.8403],[104.9517,10.8211],[104.9629,10.8207],[104.9685,10.8311],[104.9871,10.8311],[105.0147,10.8041],[105.0139,10.6913],[104.9963,10.6893],[104.9947,10.6623],[105.0971,10.7203],[105.0919,10.7565],[105.0775,10.7751],[105.0645,10.7821],[105.0571,10.8019],[105.0583,10.8201],[105.0497,10.8379],[105.0373,10.8433],[104.9909,10.8857]]]}},{"type":"Feature","properties":{"c":"0901","en":"Botum Sakor","km":"បុទុមសាគរ"},"geometry":{"type":"MultiPolygon","coordinates":[[[[103.1943,10.8013],[103.1923,10.8041],[103.2045,10.8053],[103.1993,10.8029],[103.1943,10.8013]]],[[[103.1951,10.8211],[103.1775,10.8171],[103.1673,10.8313],[103.1835,10.8361],[103.1889,10.8319],[103.1969,10.8241],[103.1951,10.8211]]],[[[103.4367,11.3075],[103.4455,11.3125],[103.4489,11.3075],[103.4623,11.3125],[103.4781,11.3025],[103.4717,11.2833],[103.4577,11.2667],[103.5757,11.2795],[103.6035,11.2529],[103.5911,11.1957],[103.6027,11.1857],[103.6045,11.1785],[103.5949,11.1763],[103.5951,11.1667],[103.5863,11.1597],[103.5801,11.1605],[103.5771,11.1665],[103.5655,11.1647],[103.5675,11.1713],[103.5591,11.1711],[103.5577,11.1749],[103.5531,11.1679],[103.5123,11.1681],[103.5011,11.1641],[103.4857,11.1475],[103.4739,11.1435],[103.4683,11.1275],[103.4437,11.1023],[103.4445,11.0985],[103.4643,11.1051],[103.4689,11.1029],[103.4691,11.0955],[103.4499,11.0721],[103.4465,11.0443],[103.4105,10.9583],[103.4211,10.9249],[103.4249,10.8935],[103.4089,10.8929],[103.3869,10.8765],[103.3707,10.8811],[103.3545,10.8659],[103.3405,10.8949],[103.3151,10.9081],[103.3117,10.9149],[103.2875,10.9163],[103.2843,10.9239],[103.2601,10.9235],[103.2433,10.9175],[103.2397,10.9099],[103.2287,10.9043],[103.2257,10.8955],[103.2143,10.8905],[103.2115,10.8805],[103.1847,10.8731],[103.1659,10.8875],[103.1687,10.8891],[103.1565,10.9009],[103.1567,10.9127],[103.1623,10.9221],[103.1821,10.9359],[103.1755,10.9607],[103.2129,10.9735],[103.2209,10.9829],[103.2377,10.9883],[103.2385,10.9963],[103.2271,11.0065],[103.2181,11.0335],[103.2177,11.0575],[103.2447,11.0553],[103.2573,11.0613],[103.2633,11.0835],[103.2769,11.0983],[103.2779,11.1117],[103.3075,11.1637],[103.2999,11.1797],[103.2819,11.1953],[103.3063,11.2097],[103.3095,11.2205],[103.3355,11.2301],[103.3329,11.2361],[103.3369,11.2405],[103.3475,11.2407],[103.3619,11.2291],[103.3599,11.2455],[103.3719,11.2541],[103.3663,11.2673],[103.3731,11.2733],[103.3879,11.2757],[103.3931,11.2869],[103.4065,11.2965],[103.4175,11.3179],[103.4259,11.3093],[103.4339,11.3145],[103.4367,11.3075]]]]}},{"type":"Feature","properties":{"c":"0302","en":"Chamkar Leu","km":"ចំការលើ"},"geometry":{"type":"Polygon","coordinates":[[[105.2323,12.3955],[105.2179,12.4011],[105.2081,12.3945],[105.1921,12.3929],[105.1695,12.4005],[105.1603,12.3815],[105.1473,12.3789],[105.1293,12.3655],[105.1527,12.3345],[105.1693,12.3295],[105.1655,12.3141],[105.1725,12.2847],[105.1957,12.2629],[105.1901,12.2415],[105.1973,12.2151],[105.2425,12.1777],[105.2833,12.1565],[105.2927,12.1559],[105.3149,12.1411],[105.3463,12.1017],[105.3769,12.1115],[105.4023,12.1621],[105.4233,12.1879],[105.4083,12.1997],[105.3959,12.2411],[105.3615,12.2665],[105.3731,12.2861],[105.3943,12.3029],[105.3991,12.3223],[105.3965,12.3401],[105.3729,12.3467],[105.3609,12.3639],[105.3469,12.3569],[105.3319,12.3577],[105.3285,12.3717],[105.3147,12.3829],[105.2799,12.3827],[105.2613,12.3999],[105.2323,12.3955]]]}},{"type":"Feature","properties":{"c":"1201","en":"Chamkar Mon","km":"ខណ្ឌចំការមន"},"geometry":{"type":"Polygon","coordinates":[[[104.9515,11.5581],[104.9081,11.5573],[104.8981,11.5481],[104.9215,11.5257],[104.9321,11.5313],[104.9317,11.5373],[104.9515,11.5581]]]}},{"type":"Feature","properties":{"c":"2001","en":"Chantrea","km":"ចន្ទ្រា"},"geometry":{"type":"Polygon","coordinates":[[[106.1225,10.9891],[106.1031,11.0005],[106.0835,11.0297],[106.0789,11.0481],[106.0605,11.0439],[106.0597,11.0317],[106.0327,11.0027],[106.0501,10.9609],[106.0369,10.9407],[106.0361,10.9261],[106.0435,10.9149],[106.0643,10.9001],[106.0665,10.8913],[106.0637,10.8783],[106.0363,10.8347],[106.0763,10.8103],[106.1649,10.8117],[106.1895,10.7907],[106.1881,10.8389],[106.1653,10.8833],[106.1387,10.9177],[106.1507,10.9423],[106.1453,10.9505],[106.1435,10.9765],[106.1543,10.9851],[106.1407,10.9901],[106.1225,10.9891]]]}},{"type":"Feature","properties":{"c":"1212","en":"Chbar Ampov","km":"ខណ្ឌច្បារអំពៅ"},"geometry":{"type":"Polygon","coordinates":[[[104.9895,11.5439],[104.9515,11.5581],[104.9317,11.5373],[104.9511,11.4851],[104.9701,11.4631],[105.0297,11.4657],[105.0311,11.4723],[105.0491,11.4823],[105.0293,11.4835],[105.0263,11.5157],[105.0417,11.5389],[105.0177,11.5453],[104.9895,11.5439]]]}},{"type":"Feature","properties":{"c":"0502","en":"Chbar Mon","km":"ក្រុងច្បារមន"},"geometry":{"type":"Polygon","coordinates":[[[104.4877,11.5147],[104.4761,11.5157],[104.4555,11.5075],[104.4553,11.4809],[104.4723,11.4407],[104.4825,11.4413],[104.4869,11.4327],[104.5311,11.4319],[104.5325,11.4373],[104.5479,11.4421],[104.5571,11.4581],[104.5689,11.4563],[104.5681,11.4723],[104.5555,11.4765],[104.5607,11.4847],[104.5579,11.4943],[104.5261,11.4929],[104.5227,11.4945],[104.5253,11.5041],[104.5127,11.4993],[104.5001,11.5129],[104.4877,11.5147]]]}},{"type":"Feature","properties":{"c":"1006","en":"Chetr Borei","km":"ចិត្របុរី"},"geometry":{"type":"Polygon","coordinates":[[[106.2409,12.7887],[106.2337,12.7905],[106.2065,12.7823],[106.1963,12.7741],[106.1751,12.7685],[106.1557,12.7565],[106.1261,12.7079],[106.0943,12.7063],[106.0787,12.6953],[106.0637,12.6953],[106.0427,12.6853],[106.0377,12.6699],[106.0291,12.6713],[106.0037,12.6539],[106.0007,12.6203],[106.0127,12.6081],[106.0157,12.5819],[106.0123,12.5665],[105.9897,12.5317],[106.0061,12.5155],[106.0135,12.5237],[106.0161,12.5385],[106.0449,12.5385],[106.0515,12.5333],[106.0461,12.5177],[106.0631,12.5125],[106.0899,12.5293],[106.0909,12.4877],[106.0719,12.4647],[106.0715,12.4281],[106.0595,12.4267],[106.0565,12.4377],[106.0415,12.4359],[106.0463,12.4419],[106.0375,12.4485],[106.0287,12.4479],[106.0235,12.4409],[106.0255,12.3835],[106.0407,12.3539],[106.0441,12.3369],[106.0597,12.3415],[106.0839,12.3653],[106.1383,12.3629],[106.1577,12.3665],[106.1733,12.4131],[106.2145,12.4033],[106.2335,12.3923],[106.2525,12.3945],[106.2595,12.3909],[106.2805,12.4017],[106.2895,12.3953],[106.3007,12.3979],[106.3193,12.4199],[106.3287,12.4247],[106.3351,12.4395],[106.3489,12.4419],[106.3677,12.4653],[106.3689,12.4831],[106.3619,12.4899],[106.3615,12.5039],[106.3747,12.5119],[106.3633,12.5215],[106.3595,12.5367],[106.3649,12.5597],[106.3993,12.6421],[106.4069,12.6845],[106.3755,12.7083],[106.3591,12.7101],[106.3431,12.7249],[106.3197,12.7693],[106.2611,12.7903],[106.2409,12.7887]]]}},{"type":"Feature","properties":{"c":"0303","en":"Cheung Prey","km":"ជើងព្រៃ"},"geometry":{"type":"Polygon","coordinates":[[[105.0661,12.2247],[105.0221,12.2185],[105.0259,12.2083],[105.0191,12.1947],[105.0197,12.1807],[105.0271,12.1583],[105.0193,12.1549],[105.0215,12.1445],[105.0127,12.1303],[105.0093,12.1089],[105.0121,12.0913],[105.0021,12.0751],[104.9873,12.0731],[104.9797,12.0645],[104.9817,12.0473],[104.9757,11.9987],[104.9817,11.9797],[104.9899,11.9693],[105.0107,11.9663],[105.0243,11.9583],[105.0269,11.9653],[105.0479,11.9709],[105.0473,11.9747],[105.0583,11.9813],[105.0643,11.9745],[105.0729,11.9791],[105.0843,11.9741],[105.0853,11.9833],[105.0991,11.9899],[105.1089,11.9887],[105.1037,12.0449],[105.1209,12.0673],[105.1247,12.0863],[105.1311,12.0881],[105.1307,12.1089],[105.1393,12.1097],[105.1317,12.1369],[105.1511,12.1441],[105.1563,12.1529],[105.1393,12.1811],[105.1431,12.1949],[105.1403,12.2031],[105.1501,12.2181],[105.1363,12.2199],[105.1221,12.2071],[105.1053,12.2045],[105.1005,12.2095],[105.0999,12.2221],[105.0661,12.2247]]]}},{"type":"Feature","properties":{"c":"1301","en":"Chey Saen","km":"ជ័យសែន"},"geometry":{"type":"Polygon","coordinates":[[[105.2135,13.7209],[105.1645,13.7329],[105.1407,13.7531],[105.1189,13.7425],[105.1113,13.7267],[105.1017,13.7207],[105.1127,13.7089],[105.1383,13.6963],[105.1359,13.6887],[105.1221,13.6869],[105.1175,13.6743],[105.1275,13.6631],[105.1265,13.6549],[105.1329,13.6525],[105.1165,13.6307],[105.1345,13.6279],[105.1275,13.6169],[105.1337,13.6109],[105.1305,13.5987],[105.1365,13.5933],[105.1459,13.5953],[105.1479,13.5819],[105.1605,13.5867],[105.1643,13.5833],[105.1619,13.5755],[105.1725,13.5707],[105.1751,13.5585],[105.1911,13.5513],[105.1785,13.5361],[105.1879,13.5265],[105.1967,13.5295],[105.1979,13.5207],[105.1929,13.5123],[105.2123,13.5223],[105.2167,13.5197],[105.2055,13.5039],[105.2143,13.4957],[105.2281,13.4923],[105.2193,13.4821],[105.2141,13.4867],[105.2083,13.4847],[105.2233,13.4661],[105.2473,13.4579],[105.2625,13.4465],[105.2907,13.4495],[105.3279,13.4625],[105.3677,13.4659],[105.5101,13.4617],[105.5401,13.4523],[105.5663,13.4925],[105.5627,13.5407],[105.5719,13.5955],[105.5709,13.6325],[105.5499,13.6459],[105.5323,13.6507],[105.4883,13.6409],[105.3997,13.6809],[105.3323,13.6863],[105.2785,13.7029],[105.2493,13.7209],[105.2365,13.7169],[105.2135,13.7209]]]}},{"type":"Feature","properties":{"c":"1302","en":"Chhaeb","km":"ឆែប"},"geometry":{"type":"Polygon","coordinates":[[[105.5839,14.1393],[105.5569,14.1607],[105.5139,14.1347],[105.4997,14.1335],[105.4867,14.1201],[105.4741,14.1205],[105.4555,14.1037],[105.4079,14.1101],[105.4035,14.1029],[105.3919,14.1007],[105.3889,14.0897],[105.3453,14.0801],[105.3131,14.0455],[105.2833,14.0365],[105.2571,14.0573],[105.2193,14.0581],[105.1767,13.9151],[105.1635,13.8899],[105.1187,13.8413],[105.1195,13.8333],[105.1451,13.8167],[105.1549,13.7971],[105.1553,13.7811],[105.1407,13.7531],[105.1687,13.7311],[105.2283,13.7179],[105.2457,13.7219],[105.2853,13.7001],[105.3323,13.6863],[105.3997,13.6809],[105.4831,13.6423],[105.4965,13.6403],[105.5323,13.6507],[105.5499,13.6459],[105.5709,13.6325],[105.5769,13.6527],[105.5649,13.7085],[105.5527,13.7251],[105.5489,13.7393],[105.5337,13.7491],[105.5227,13.7759],[105.5289,13.7909],[105.5205,13.8299],[105.5315,13.8547],[105.5527,13.8649],[105.5797,13.8869],[105.6015,13.8785],[105.6233,13.8569],[105.6363,13.8685],[105.6655,13.8747],[105.6803,13.8633],[105.6917,13.8665],[105.6973,13.8625],[105.7115,13.8673],[105.7143,13.8729],[105.7149,13.8803],[105.7037,13.8899],[105.7007,13.9043],[105.7123,13.9171],[105.7589,13.9231],[105.8695,13.9217],[105.9001,13.9369],[105.8851,13.9547],[105.8365,13.9855],[105.8247,14.0013],[105.7935,14.0229],[105.7829,14.0431],[105.7867,14.0827],[105.7383,14.0945],[105.7231,14.1091],[105.7039,14.0869],[105.6821,14.1089],[105.6591,14.1201],[105.6557,14.1185],[105.6603,14.1107],[105.6503,14.1089],[105.6455,14.0975],[105.6331,14.1075],[105.6329,14.1307],[105.6199,14.1341],[105.6171,14.1265],[105.6023,14.1477],[105.5851,14.1489],[105.5879,14.1391],[105.5839,14.1393]]]}},{"type":"Feature","properties":{"c":"1001","en":"Chhloung","km":"ឆ្លូង"},"geometry":{"type":"Polygon","coordinates":[[[106.1335,12.3635],[106.1055,12.3669],[106.0801,12.3639],[106.0597,12.3415],[106.0441,12.3369],[106.0407,12.3189],[106.0239,12.2877],[106.0089,12.2723],[105.9919,12.2649],[105.8791,12.2625],[105.8311,12.2569],[105.8301,12.2435],[105.8373,12.2311],[105.8425,12.2049],[105.8519,12.2033],[105.8647,12.2219],[105.8935,12.2109],[105.9091,12.2145],[105.9101,12.2187],[105.9159,12.2143],[105.9299,12.2203],[105.9333,12.2131],[105.9451,12.2071],[105.9475,12.1979],[105.9549,12.2009],[105.9607,12.1963],[105.9719,12.1967],[105.9793,12.2047],[105.9845,12.2001],[105.9931,12.2019],[105.9935,12.1907],[105.9891,12.1937],[105.9865,12.1881],[105.9931,12.1833],[106.0089,12.1827],[106.0073,12.1761],[106.0189,12.1617],[106.0175,12.1473],[106.0301,12.1475],[106.0447,12.1563],[106.0439,12.1461],[106.0591,12.1319],[106.0557,12.1205],[106.0593,12.1127],[106.0417,12.0967],[106.0495,12.0895],[106.0449,12.0825],[106.0571,12.0865],[106.0591,12.0825],[106.0759,12.0815],[106.0739,12.0725],[106.0803,12.0695],[106.0867,12.0745],[106.1113,12.0753],[106.1201,12.0571],[106.1311,12.0559],[106.1333,12.0461],[106.1367,12.0519],[106.1399,12.0491],[106.1467,12.0543],[106.1577,12.0407],[106.1625,12.0421],[106.1727,12.0349],[106.1811,12.0103],[106.1715,11.9967],[106.1741,11.9713],[106.1671,11.9667],[106.1755,11.9637],[106.1797,11.9531],[106.1993,11.9685],[106.1997,11.9651],[106.2187,11.9623],[106.2273,11.9719],[106.2201,11.9855],[106.2313,11.9811],[106.2395,12.0025],[106.2449,12.0003],[106.2511,12.0065],[106.2627,12.0075],[106.2535,12.0207],[106.2639,12.0333],[106.2691,12.0329],[106.2709,12.0401],[106.2457,12.0553],[106.2519,12.0689],[106.2455,12.0825],[106.2587,12.0987],[106.2519,12.1093],[106.2647,12.1139],[106.2667,12.1215],[106.2749,12.1273],[106.2781,12.1457],[106.2989,12.1503],[106.3011,12.1603],[106.2819,12.1835],[106.2791,12.1983],[106.2445,12.1909],[106.2207,12.1905],[106.2081,12.1953],[106.2045,12.2165],[106.1729,12.2681],[106.1421,12.2751],[106.1409,12.2881],[106.1569,12.3225],[106.1519,12.3405],[106.1593,12.3587],[106.1577,12.3665],[106.1335,12.3635]]]}},{"type":"Feature","properties":{"c":"0703","en":"Chhuk","km":"ឈូក"},"geometry":{"type":"Polygon","coordinates":[[[104.2159,11.0941],[104.1861,11.1083],[104.1571,11.1493],[104.0835,11.1709],[104.0521,11.1711],[104.0709,11.1469],[104.0695,11.1079],[104.0773,11.0757],[104.0599,11.0581],[104.0749,11.0417],[104.0743,11.0325],[104.0679,11.0253],[104.0731,11.0061],[104.0897,10.9923],[104.0869,10.9425],[104.0993,10.8991],[104.0985,10.8779],[104.1255,10.8125],[104.2177,10.8117],[104.2325,10.8139],[104.2381,10.8217],[104.2463,10.8213],[104.2481,10.7947],[104.2803,10.7917],[104.3023,10.7615],[104.3271,10.7859],[104.3379,10.7889],[104.3433,10.7809],[104.3733,10.7691],[104.3891,10.7903],[104.4265,10.7751],[104.4635,10.7695],[104.4735,10.7637],[104.5083,10.7697],[104.5293,10.7789],[104.5349,10.8119],[104.5311,10.8261],[104.5335,10.8297],[104.5607,10.8227],[104.5601,10.8313],[104.5663,10.8393],[104.5583,10.8519],[104.5623,10.8875],[104.5359,10.8871],[104.5215,10.8939],[104.4975,10.8863],[104.4801,10.8879],[104.4587,10.8797],[104.4331,10.8911],[104.4225,10.8831],[104.4039,10.8535],[104.3965,10.8499],[104.3827,10.8515],[104.3533,10.8703],[104.3571,10.8833],[104.3545,11.1377],[104.3383,11.1377],[104.3245,11.1175],[104.3183,11.1163],[104.3083,11.1037],[104.2931,11.1045],[104.2463,11.0929],[104.2159,11.0941]]]}},{"type":"Feature","properties":{"c":"1704","en":"Chi Kraeng","km":"ជីក្រែង"},"geometry":{"type":"Polygon","coordinates":[[[104.4909,13.5507],[104.4569,13.5523],[104.4451,13.5339],[104.4301,13.5289],[104.4245,13.5137],[104.4039,13.4933],[104.4017,13.4785],[104.4061,13.4639],[104.3967,13.4333],[104.3825,13.4229],[104.3681,13.4173],[104.3483,13.4261],[104.2557,13.4235],[104.2459,13.4189],[104.2311,13.3995],[104.2123,13.4123],[104.2125,13.3415],[104.2031,13.3035],[104.2117,13.2859],[104.2245,13.2741],[104.1957,13.2535],[104.1749,13.2245],[104.1743,13.1719],[104.1761,12.8499],[104.2059,12.7797],[104.2211,12.7999],[104.2281,12.7985],[104.2325,12.8149],[104.2683,12.8569],[104.2671,12.8641],[104.2783,12.8659],[104.2805,12.8747],[104.3039,12.8791],[104.3085,12.8853],[104.3171,12.8847],[104.3397,12.8971],[104.3511,12.8953],[104.3607,12.9019],[104.3701,12.9195],[104.3717,12.9331],[104.3825,12.9455],[104.4041,12.9601],[104.4241,12.9863],[104.4401,12.9859],[104.4487,13.0017],[104.4561,13.0015],[104.4605,13.0121],[104.4523,13.0239],[104.4527,13.0357],[104.4547,13.0441],[104.4609,13.0495],[104.4655,13.0479],[104.4665,13.0525],[104.4747,13.1395],[104.4717,13.1539],[104.4773,13.1721],[104.4841,13.1819],[104.5491,13.2071],[104.5717,13.2737],[104.5649,13.2967],[104.5723,13.3199],[104.5669,13.3577],[104.5727,13.3803],[104.5979,13.4171],[104.6343,13.4435],[104.6497,13.4671],[104.6517,13.4977],[104.6829,13.5285],[104.6753,13.5345],[104.6501,13.5167],[104.6189,13.5055],[104.5983,13.5235],[104.5693,13.5219],[104.5527,13.5259],[104.5317,13.5449],[104.4909,13.5507]]]}},{"type":"Feature","properties":{"c":"1303","en":"Choam Ksant","km":"ជាំក្សាន្ដ"},"geometry":{"type":"Polygon","coordinates":[[[104.8349,14.4095],[104.8327,14.4165],[104.8197,14.4193],[104.8177,14.4283],[104.8047,14.4373],[104.7655,14.4221],[104.7535,14.4059],[104.7377,14.4143],[104.7241,14.4039],[104.7203,14.4069],[104.7235,14.4219],[104.7079,14.4341],[104.6793,14.3977],[104.6603,14.4005],[104.6535,14.4075],[104.6525,14.4217],[104.6407,14.4227],[104.6267,14.4077],[104.6131,14.3981],[104.6031,14.3967],[104.5791,14.3745],[104.5797,14.3589],[104.5711,14.3607],[104.5611,14.3539],[104.5347,14.3561],[104.5149,14.3711],[104.4991,14.3759],[104.4779,14.3629],[104.4771,14.3511],[104.4663,14.3451],[104.4563,14.2901],[104.4559,14.2593],[104.4619,14.2511],[104.4629,14.2337],[104.4567,14.2129],[104.4421,14.2089],[104.4627,14.1781],[104.5075,14.1453],[104.4565,14.0877],[104.4941,14.0583],[104.5309,14.0043],[104.6209,13.9889],[104.6865,13.9587],[104.7125,13.9517],[104.7491,13.9531],[104.7987,13.9425],[104.8635,13.9507],[104.9041,13.9379],[104.9329,13.9353],[105.1831,13.9357],[105.2193,14.0581],[105.2571,14.0573],[105.2833,14.0365],[105.3131,14.0455],[105.3453,14.0801],[105.3659,14.0821],[105.3753,14.0895],[105.3911,14.0929],[105.3919,14.1007],[105.3877,14.1031],[105.3625,14.1057],[105.3479,14.1261],[105.3271,14.1437],[105.3201,14.1631],[105.3097,14.1611],[105.2755,14.1769],[105.2671,14.2009],[105.2571,14.2121],[105.2565,14.2265],[105.2501,14.2307],[105.2415,14.2715],[105.2239,14.2855],[105.2073,14.3113],[105.2067,14.3417],[105.1995,14.3485],[105.1877,14.3429],[105.1751,14.3447],[105.1687,14.3351],[105.1681,14.3263],[105.1771,14.3159],[105.1611,14.3009],[105.1599,14.2885],[105.1513,14.2843],[105.1531,14.2685],[105.1445,14.2607],[105.1535,14.2579],[105.1537,14.2537],[105.1415,14.2371],[105.1083,14.2139],[105.0929,14.2153],[105.0817,14.2101],[105.0545,14.2145],[105.0443,14.2275],[105.0237,14.2403],[105.0211,14.2511],[105.0259,14.2639],[105.0185,14.2675],[105.0027,14.3027],[104.9855,14.3195],[104.9921,14.3237],[104.9927,14.3417],[105.0023,14.3607],[104.9935,14.3791],[104.9733,14.3921],[104.9591,14.3911],[104.9541,14.3813],[104.9473,14.3823],[104.9239,14.3997],[104.9051,14.3999],[104.8715,14.4179],[104.8395,14.3987],[104.8339,14.4015],[104.8349,14.4095]]]}},{"type":"Feature","properties":{"c":"0402","en":"Chol Kiri","km":"ជលគីរី"},"geometry":{"type":"Polygon","coordinates":[[[104.8537,12.2995],[104.8519,12.3031],[104.8441,12.2955],[104.8099,12.2853],[104.7971,12.2629],[104.7785,12.2551],[104.8025,12.2223],[104.7947,12.2029],[104.7717,12.2199],[104.7473,12.2293],[104.7155,12.2531],[104.7123,12.2277],[104.7049,12.2211],[104.7089,12.2103],[104.7533,12.1949],[104.7751,12.1767],[104.7951,12.1765],[104.7971,12.1519],[104.7655,12.1287],[104.7613,12.1205],[104.7697,12.1113],[104.7663,12.0949],[104.7773,12.0723],[104.7721,12.0269],[104.7917,12.0069],[104.8083,12.0181],[104.8101,12.0293],[104.8365,12.0371],[104.8547,12.0683],[104.8685,12.0733],[104.8861,12.1215],[104.8861,12.1347],[104.9019,12.1591],[104.8997,12.2047],[104.8827,12.2093],[104.8873,12.2239],[104.8745,12.2325],[104.8513,12.2871],[104.8537,12.2995]]]}},{"type":"Feature","properties":{"c":"2203","en":"Chong Kal","km":"ចុងកាល់"},"geometry":{"type":"Polygon","coordinates":[[[103.8281,14.1289],[103.8095,14.1199],[103.8029,14.1221],[103.8005,14.1077],[103.7871,14.0999],[103.7759,14.1121],[103.7529,14.1211],[103.7453,14.1147],[103.6999,14.1137],[103.6631,14.1011],[103.6435,14.1039],[103.6143,14.1167],[103.5923,14.1175],[103.5517,14.1069],[103.4773,14.1091],[103.3921,14.0985],[103.3859,14.0755],[103.3943,14.0677],[103.3983,14.0553],[103.4223,14.0425],[103.4363,13.9893],[103.4285,13.9777],[103.4341,13.9531],[103.4441,13.9431],[103.4459,13.9223],[103.4369,13.9103],[103.4423,13.8989],[103.4353,13.8917],[103.4331,13.8795],[103.4407,13.8775],[103.4605,13.8921],[103.4735,13.8931],[103.4807,13.9019],[103.5189,13.8967],[103.5301,13.8977],[103.5319,13.9025],[103.5375,13.8965],[103.5487,13.9047],[103.5545,13.9019],[103.5563,13.9085],[103.5681,13.9059],[103.5687,13.9167],[103.5799,13.9201],[103.5787,13.9265],[103.5891,13.9295],[103.5927,13.9261],[103.5935,13.9333],[103.6053,13.9459],[103.6161,13.9491],[103.6197,13.9619],[103.6299,13.9617],[103.6269,13.9641],[103.6355,13.9717],[103.6469,13.9633],[103.6515,13.9709],[103.6819,13.9603],[103.6887,13.9649],[103.8297,13.9663],[103.8281,14.1289]]]}},{"type":"Feature","properties":{"c":"1210","en":"Chraoy Chongvar","km":"ខណ្ឌជ្រោយចង្វារ"},"geometry":{"type":"Polygon","coordinates":[[[104.9189,11.7365],[104.9161,11.7169],[104.9005,11.6915],[104.8977,11.6723],[104.8627,11.6727],[104.8613,11.6685],[104.8791,11.6449],[104.9021,11.6349],[104.9165,11.6213],[104.9211,11.5895],[104.9425,11.5621],[104.9459,11.5631],[104.9441,11.5855],[104.9323,11.6237],[104.9599,11.6829],[104.9677,11.7109],[104.9603,11.7117],[104.9443,11.7349],[104.9189,11.7365]]]}},{"type":"Feature","properties":{"c":"0704","en":"Chum Kiri","km":"ជុំគិរី"},"geometry":{"type":"Polygon","coordinates":[[[104.4105,11.1369],[104.3969,11.1477],[104.3885,11.1379],[104.3679,11.1329],[104.3545,11.1377],[104.3571,10.8833],[104.3533,10.8703],[104.3895,10.8497],[104.4039,10.8535],[104.4289,10.8897],[104.4587,10.8797],[104.4801,10.8879],[104.4975,10.8863],[104.5215,10.8939],[104.5411,10.9303],[104.5379,10.9871],[104.5215,11.0267],[104.4995,11.0583],[104.4869,11.0597],[104.4877,11.0709],[104.4685,11.0569],[104.4611,11.0637],[104.4551,11.0579],[104.4551,11.0689],[104.4335,11.0803],[104.4217,11.0823],[104.4111,11.0779],[104.4105,11.1369]]]}},{"type":"Feature","properties":{"c":"2501","en":"Dambae","km":"តំបែរ"},"geometry":{"type":"Polygon","coordinates":[[[105.8695,12.2175],[105.8647,12.2219],[105.8519,12.2033],[105.8425,12.2049],[105.8325,12.1919],[105.8125,12.1861],[105.7945,12.1333],[105.7951,12.1055],[105.7877,12.0843],[105.7993,12.0665],[105.8133,12.0285],[105.8367,12.0179],[105.8475,11.9961],[105.7899,11.9435],[105.8037,11.8991],[105.8431,11.8977],[105.8351,11.8805],[105.8365,11.8713],[105.8541,11.8719],[105.8707,11.8621],[105.8835,11.8633],[105.8891,11.8747],[105.9031,11.8769],[105.9201,11.8701],[105.9395,11.8779],[105.9599,11.8583],[105.9965,11.8571],[106.0219,11.8269],[106.0119,11.8677],[105.9981,11.8845],[105.9953,11.9755],[105.9735,12.0107],[105.9581,12.0767],[105.9665,12.1075],[106.0013,12.1425],[106.0175,12.1473],[106.0189,12.1617],[106.0073,12.1761],[106.0089,12.1827],[105.9931,12.1833],[105.9865,12.1881],[105.9891,12.1937],[105.9935,12.1907],[105.9931,12.2019],[105.9845,12.2001],[105.9793,12.2047],[105.9719,12.1967],[105.9607,12.1963],[105.9549,12.2009],[105.9475,12.1979],[105.9451,12.2071],[105.9333,12.2131],[105.9299,12.2203],[105.9159,12.2143],[105.9101,12.2187],[105.9091,12.2145],[105.8935,12.2109],[105.8695,12.2175]]]}},{"type":"Feature","properties":{"c":"2301","en":"Damnak Chang'aeur","km":"ដំណាក់ចង្អើរ"},"geometry":{"type":"Polygon","coordinates":[[[104.4019,10.4745],[104.4051,10.4719],[104.4079,10.4795],[104.4013,10.4849],[104.4027,10.4929],[104.4079,10.4937],[104.4061,10.4905],[104.4121,10.4875],[104.4215,10.4935],[104.4163,10.4991],[104.4147,10.5197],[104.3987,10.5259],[104.3863,10.5417],[104.3839,10.5713],[104.3753,10.5755],[104.3733,10.5705],[104.3631,10.5775],[104.3437,10.5621],[104.3431,10.5321],[104.3501,10.5207],[104.3423,10.4961],[104.3559,10.4943],[104.3891,10.4535],[104.4151,10.4461],[104.4261,10.4581],[104.4159,10.4663],[104.4193,10.4715],[104.4145,10.4739],[104.4055,10.4677],[104.4019,10.4745]]]}},{"type":"Feature","properties":{"c":"0705","en":"Dang Tong","km":"ដងទង់"},"geometry":{"type":"Polygon","coordinates":[[[104.4431,10.7701],[104.3891,10.7903],[104.3733,10.7691],[104.3433,10.7809],[104.3379,10.7889],[104.3271,10.7859],[104.3023,10.7615],[104.3129,10.7427],[104.3119,10.7195],[104.3245,10.7027],[104.3463,10.6927],[104.3623,10.6983],[104.3675,10.6877],[104.3615,10.6841],[104.3669,10.6473],[104.3779,10.6267],[104.4183,10.6315],[104.4451,10.6275],[104.4499,10.6203],[104.4703,10.6243],[104.4757,10.6329],[104.5079,10.6209],[104.5205,10.6065],[104.5113,10.6269],[104.5135,10.6929],[104.5315,10.6973],[104.5319,10.7017],[104.5263,10.7117],[104.5115,10.7193],[104.5117,10.7707],[104.4735,10.7637],[104.4635,10.7695],[104.4431,10.7701]]]}},{"type":"Feature","properties":{"c":"1205","en":"Dangkao","km":"ខណ្ឌដង្កោ"},"geometry":{"type":"Polygon","coordinates":[[[104.9009,11.5221],[104.8769,11.5205],[104.8727,11.5115],[104.8573,11.5057],[104.8395,11.5057],[104.8373,11.4999],[104.8203,11.5007],[104.8151,11.4819],[104.7863,11.4763],[104.7829,11.4497],[104.7981,11.4445],[104.8019,11.4345],[104.8089,11.4305],[104.8175,11.4321],[104.8171,11.4395],[104.8229,11.4439],[104.8309,11.4313],[104.8529,11.4297],[104.8589,11.4239],[104.8675,11.4269],[104.8729,11.4215],[104.8821,11.4363],[104.8881,11.4305],[104.9047,11.4357],[104.9223,11.4289],[104.9183,11.4667],[104.9215,11.4845],[104.9137,11.4825],[104.9129,11.5191],[104.9009,11.5221]]]}},{"type":"Feature","properties":{"c":"2108","en":"Doun Kaev","km":"ក្រុងដូនកែវ"},"geometry":{"type":"Polygon","coordinates":[[[104.8349,11.0405],[104.8019,11.0437],[104.7893,11.0391],[104.7551,11.0397],[104.7493,10.9783],[104.7427,10.9609],[104.7767,10.9537],[104.7777,10.9301],[104.7973,10.9287],[104.8083,10.9367],[104.8135,10.9625],[104.8099,10.9931],[104.8665,10.9951],[104.8581,11.0181],[104.8439,11.0257],[104.8417,11.0353],[104.8349,11.0405]]]}},{"type":"Feature","properties":{"c":"1202","en":"Doun Penh","km":"ខណ្ឌដូនពេញ"},"geometry":{"type":"Polygon","coordinates":[[[104.9307,11.5735],[104.9211,11.5895],[104.9035,11.5775],[104.9059,11.5705],[104.9189,11.5719],[104.9195,11.5559],[104.9515,11.5581],[104.9371,11.5649],[104.9307,11.5735]]]}},{"type":"Feature","properties":{"c":"2302","en":"Kaeb","km":"ក្រុងកែប"},"geometry":{"type":"MultiPolygon","coordinates":[[[[104.3281,10.3945],[104.3275,10.3979],[104.3311,10.3971],[104.3281,10.3945]]],[[[104.3221,10.4433],[104.3337,10.4381],[104.3261,10.4303],[104.3163,10.4329],[104.3221,10.4433]]],[[[104.3631,10.5775],[104.3437,10.5621],[104.3431,10.5321],[104.3501,10.5207],[104.3445,10.4995],[104.3361,10.4911],[104.3041,10.4767],[104.2883,10.4817],[104.2879,10.5097],[104.2665,10.5515],[104.2769,10.5905],[104.2899,10.5799],[104.3183,10.5735],[104.3631,10.5775]]]]}},{"type":"Feature","properties":{"c":"1101","en":"Kaev Seima","km":"កែវសីមា"},"geometry":{"type":"Polygon","coordinates":[[[106.4921,12.7575],[106.4817,12.7573],[106.4369,12.7273],[106.4069,12.6845],[106.3967,12.6343],[106.3629,12.5533],[106.3589,12.5325],[106.3633,12.5215],[106.4973,12.4389],[106.5157,12.4377],[106.5317,12.4215],[106.5637,12.4083],[106.5701,12.4011],[106.5927,12.3385],[106.6083,12.3145],[106.6513,12.2991],[106.7037,12.2877],[106.7401,12.2689],[106.7623,12.2495],[106.7681,12.2335],[106.8013,12.1913],[106.7959,12.1743],[106.7981,12.1589],[106.7933,12.1535],[106.7987,12.1345],[106.7911,12.1165],[106.8017,12.0817],[106.8243,12.0829],[106.8359,12.0725],[106.8443,12.0739],[106.8543,12.0671],[106.8797,12.0733],[106.9183,12.0627],[107.0027,12.0893],[107.0157,12.1065],[107.0293,12.1143],[107.0379,12.1311],[107.0341,12.1445],[107.0403,12.1561],[107.0351,12.1645],[107.0355,12.1819],[107.0151,12.1851],[107.0193,12.2043],[107.0137,12.2065],[107.0063,12.2205],[107.0019,12.2415],[107.0095,12.2661],[107.0029,12.2807],[106.9991,12.2875],[106.9901,12.2867],[106.9623,12.3073],[106.9533,12.3205],[106.9535,12.3323],[106.9465,12.3415],[106.9519,12.3555],[106.9487,12.3689],[106.8897,12.3507],[106.8857,12.3529],[106.8821,12.3483],[106.8669,12.3517],[106.8583,12.3435],[106.8535,12.3529],[106.8349,12.3565],[106.8179,12.3525],[106.8179,12.4531],[106.8187,12.4615],[106.8333,12.4647],[106.8365,12.4555],[106.8573,12.4423],[106.8747,12.4379],[106.8889,12.4259],[106.8961,12.4323],[106.8961,12.4261],[106.9131,12.4205],[106.9291,12.4301],[106.9327,12.4267],[106.9649,12.4303],[106.9799,12.4391],[107.0249,12.4407],[107.0387,12.4337],[107.0379,12.4607],[107.0327,12.4707],[107.0433,12.5469],[107.0041,12.5599],[106.9535,12.5955],[106.9035,12.6121],[106.8837,12.6389],[106.8645,12.6361],[106.8529,12.6257],[106.8291,12.6319],[106.8119,12.6467],[106.8017,12.6393],[106.7627,12.6359],[106.7573,12.6461],[106.7459,12.6497],[106.7395,12.6603],[106.7247,12.6555],[106.7169,12.6443],[106.7053,12.6435],[106.7011,12.6325],[106.6555,12.6423],[106.6301,12.6647],[106.5931,12.6813],[106.5625,12.7209],[106.4921,12.7575]]]}},{"type":"Feature","properties":{"c":"1402","en":"Kamchay Mear","km":"កំចាយមារ"},"geometry":{"type":"Polygon","coordinates":[[[105.7273,11.7107],[105.7217,11.7215],[105.7135,11.7105],[105.6719,11.7107],[105.6501,11.6963],[105.6527,11.6743],[105.6615,11.6689],[105.6529,11.6473],[105.6589,11.6141],[105.6567,11.6023],[105.6017,11.6011],[105.5909,11.6101],[105.5669,11.6531],[105.5505,11.6647],[105.5277,11.6653],[105.4557,11.6513],[105.4557,11.6439],[105.4689,11.6417],[105.4979,11.6059],[105.5201,11.5869],[105.5293,11.5691],[105.5653,11.5743],[105.5625,11.5451],[105.5557,11.5279],[105.5577,11.5193],[105.5473,11.5171],[105.5511,11.5033],[105.5695,11.4955],[105.5861,11.4963],[105.5883,11.4845],[105.6527,11.4277],[105.6565,11.4273],[105.6691,11.4553],[105.6655,11.4865],[105.6857,11.5081],[105.6773,11.5339],[105.6901,11.5463],[105.6909,11.5629],[105.7431,11.5779],[105.7473,11.5881],[105.7835,11.5879],[105.7967,11.5971],[105.8095,11.5995],[105.7957,11.6077],[105.7897,11.6209],[105.7751,11.6339],[105.7647,11.6529],[105.7625,11.6681],[105.7559,11.6779],[105.7327,11.6931],[105.7273,11.7107]]]}},{"type":"Feature","properties":{"c":"0305","en":"Kampong Cham","km":"ក្រុងកំពង់ចាម"},"geometry":{"type":"Polygon","coordinates":[[[105.4711,11.9933],[105.4729,12.0179],[105.4537,12.0045],[105.4457,12.0043],[105.4455,11.9909],[105.4381,11.9917],[105.4371,11.9877],[105.4235,11.9915],[105.4007,11.9857],[105.4003,11.9705],[105.4307,11.9703],[105.4311,11.9607],[105.4705,11.9789],[105.4711,11.9933]]]}},{"type":"Feature","properties":{"c":"0403","en":"Kampong Chhnang","km":"ក្រុងកំពង់ឆ្នាំង"},"geometry":{"type":"Polygon","coordinates":[[[104.6765,12.2199],[104.7123,12.2277],[104.7155,12.2531],[104.6827,12.2781],[104.6769,12.3041],[104.6653,12.3259],[104.6577,12.3155],[104.6463,12.2693],[104.6585,12.2521],[104.6607,12.2281],[104.6689,12.2181],[104.6765,12.2199]]]}},{"type":"Feature","properties":{"c":"0404","en":"Kampong Leaeng","km":"កំពង់លែង"},"geometry":{"type":"Polygon","coordinates":[[[104.6359,12.6043],[104.6279,12.6073],[104.5949,12.6027],[104.5437,12.5827],[104.5209,12.5687],[104.5155,12.5607],[104.5197,12.5465],[104.5111,12.5345],[104.5121,12.5247],[104.5823,12.4955],[104.5951,12.4849],[104.5973,12.4713],[104.5927,12.4583],[104.5821,12.4523],[104.5509,12.4769],[104.5237,12.4887],[104.5409,12.4659],[104.6129,12.4141],[104.6109,12.3751],[104.6365,12.3497],[104.6503,12.3471],[104.6613,12.3375],[104.6769,12.3041],[104.6827,12.2781],[104.7473,12.2293],[104.7717,12.2199],[104.7947,12.2029],[104.8025,12.2223],[104.7785,12.2551],[104.7971,12.2629],[104.8099,12.2853],[104.8503,12.2989],[104.8627,12.3237],[104.8925,12.3427],[104.8911,12.3543],[104.9003,12.3697],[104.8939,12.3825],[104.8957,12.3927],[104.8909,12.4003],[104.8829,12.3817],[104.8621,12.3709],[104.8607,12.3897],[104.8671,12.4103],[104.8605,12.4293],[104.8493,12.4275],[104.8425,12.4415],[104.8365,12.4437],[104.8419,12.4503],[104.8361,12.4517],[104.8283,12.4659],[104.8407,12.4703],[104.8409,12.4745],[104.8185,12.4819],[104.8149,12.4885],[104.8255,12.5025],[104.8223,12.5085],[104.8279,12.5223],[104.8207,12.5321],[104.7423,12.5513],[104.6953,12.5797],[104.6359,12.6043]]]}},{"type":"Feature","properties":{"c":"2002","en":"Kampong Rou","km":"កំពង់រោទិ៍"},"geometry":{"type":"Polygon","coordinates":[[[105.8933,11.0269],[105.8899,11.0485],[105.8721,11.0351],[105.8693,11.0265],[105.8493,11.0237],[105.8441,11.0071],[105.8495,10.9985],[105.8427,10.9919],[105.8189,10.9833],[105.8063,10.9983],[105.7975,10.9937],[105.8077,10.9729],[105.8459,10.9291],[105.8643,10.8995],[105.8491,10.8653],[105.8991,10.8441],[105.9361,10.8407],[105.9305,10.8639],[105.9549,10.8825],[105.9453,10.9187],[106.0363,10.8347],[106.0637,10.8783],[106.0665,10.8913],[106.0643,10.9001],[106.0435,10.9149],[106.0361,10.9261],[106.0369,10.9407],[106.0501,10.9609],[106.0253,11.0167],[105.9807,11.0315],[105.9647,11.0437],[105.9389,11.0369],[105.9391,11.0151],[105.9501,10.9963],[105.9507,10.9753],[105.9347,10.9679],[105.9107,10.9837],[105.8933,11.0269]]]}},{"type":"Feature","properties":{"c":"1804","en":"Kampong Seila","km":"កំពង់សីលា"},"geometry":{"type":"Polygon","coordinates":[[[104.0601,11.3537],[104.0611,11.3699],[104.0511,11.3833],[104.0533,11.4005],[104.0455,11.4121],[104.0419,11.4359],[103.9723,11.3849],[103.9025,11.3011],[103.9011,11.2845],[103.8845,11.2727],[103.8871,11.2663],[103.8727,11.2535],[103.8725,11.2407],[103.8517,11.2221],[103.8689,11.2039],[103.8867,11.1583],[103.8719,11.1491],[103.8719,11.1359],[103.8639,11.1313],[103.8591,11.1133],[103.8403,11.0971],[103.8411,11.0853],[103.8449,11.0875],[103.8461,11.0831],[103.8425,11.0807],[103.8483,11.0789],[103.8465,11.0727],[103.8351,11.0725],[103.8225,11.0571],[103.7963,11.0471],[103.7859,11.0235],[103.7937,10.9811],[103.7909,10.9541],[103.8109,10.9215],[103.8119,10.9045],[103.8205,10.9037],[103.9145,10.9507],[103.9719,10.9933],[103.9967,11.0199],[104.0181,11.0197],[104.0221,11.0095],[104.0373,11.0117],[104.0679,11.0253],[104.0743,11.0325],[104.0749,11.0417],[104.0599,11.0581],[104.0773,11.0757],[104.0695,11.1079],[104.0709,11.1469],[104.0557,11.1677],[104.0373,11.1799],[104.0433,11.1881],[104.0393,11.2081],[104.0217,11.2051],[104.0211,11.2093],[104.0349,11.2465],[104.0507,11.2677],[104.0403,11.3287],[104.0485,11.3515],[104.0601,11.3537]]]}},{"type":"Feature","properties":{"c":"0306","en":"Kampong Siem","km":"កំពង់សៀម"},"geometry":{"type":"Polygon","coordinates":[[[105.4719,12.1789],[105.4233,12.1879],[105.4023,12.1621],[105.3769,12.1115],[105.3463,12.1017],[105.3519,12.0831],[105.3465,12.0545],[105.3553,12.0537],[105.3541,12.0351],[105.3481,12.0189],[105.3277,11.9975],[105.3381,11.9507],[105.3479,11.9285],[105.3777,11.9219],[105.4001,11.9295],[105.4185,11.9269],[105.4693,11.9465],[105.4705,11.9789],[105.4311,11.9607],[105.4307,11.9703],[105.4003,11.9705],[105.4007,11.9857],[105.4235,11.9915],[105.4371,11.9877],[105.4381,11.9917],[105.4455,11.9909],[105.4457,12.0043],[105.4537,12.0045],[105.4729,12.0179],[105.4857,12.0387],[105.4907,12.0247],[105.5037,12.0319],[105.5369,12.0339],[105.5445,12.0439],[105.5479,12.0597],[105.5301,12.1059],[105.5369,12.1641],[105.4719,12.1789]]]}},{"type":"Feature","properties":{"c":"0602","en":"Kampong Svay","km":"កំពង់ស្វាយ"},"geometry":{"type":"MultiPolygon","coordinates":[[[[105.0297,12.7503],[105.0309,12.7279],[104.9955,12.7179],[104.9629,12.7221],[104.9639,12.7085],[104.9555,12.7103],[104.9483,12.7031],[104.9567,12.6909],[104.9625,12.7005],[104.9647,12.6913],[104.9551,12.6829],[104.9473,12.6829],[104.9389,12.6643],[104.9323,12.6685],[104.9285,12.6793],[104.9161,12.6801],[104.9083,12.6881],[104.9155,12.6913],[104.9137,12.7037],[104.9213,12.7039],[104.9147,12.7265],[104.9193,12.7391],[104.8949,12.7417],[104.8727,12.7389],[104.8663,12.7275],[104.8653,12.7115],[104.8493,12.7029],[104.8211,12.7067],[104.8279,12.6955],[104.8083,12.6783],[104.7827,12.6795],[104.7747,12.6755],[104.7685,12.6647],[104.7655,12.6233],[104.7591,12.6113],[104.7481,12.6039],[104.7479,12.5741],[104.7633,12.5457],[104.7423,12.5513],[104.6893,12.5827],[104.6279,12.6073],[104.5949,12.6027],[104.5437,12.5827],[104.5209,12.5687],[104.5113,12.5597],[104.5133,12.5385],[104.5011,12.5199],[104.4785,12.5287],[104.4825,12.5343],[104.4933,12.5263],[104.5001,12.5327],[104.4897,12.5405],[104.4759,12.5377],[104.4553,12.5251],[104.4173,12.5467],[104.4283,12.5343],[104.4103,12.5385],[104.4029,12.5489],[104.4025,12.5589],[104.4103,12.5639],[104.4205,12.5613],[104.4289,12.5507],[104.4393,12.5527],[104.4605,12.5433],[104.4653,12.5477],[104.4675,12.5443],[104.4803,12.5469],[104.4867,12.5597],[104.4833,12.5725],[104.4671,12.5863],[104.4649,12.5829],[104.4465,12.6021],[104.4643,12.6153],[104.4747,12.6533],[104.4713,12.7041],[104.4595,12.7289],[104.4721,12.7435],[104.4817,12.7491],[104.4899,12.7381],[104.4979,12.7459],[104.5011,12.7437],[104.5139,12.7217],[104.5151,12.6993],[104.5389,12.6849],[104.5605,12.6809],[104.5693,12.6733],[104.6043,12.7015],[104.6189,12.7195],[104.6259,12.7491],[104.6407,12.7777],[104.6349,12.8059],[104.6487,12.8341],[104.6719,12.8623],[104.6889,12.9061],[104.7003,12.9193],[104.7009,12.9469],[104.7393,12.9861],[104.7489,12.9775],[104.7607,12.9539],[104.8635,12.9503],[104.8873,12.9067],[104.8691,12.8733],[104.9337,12.8469],[104.9417,12.8367],[104.9475,12.8381],[104.9505,12.8559],[104.9573,12.8633],[104.9739,12.8667],[104.9941,12.8629],[105.0131,12.8701],[104.9999,12.8461],[105.0141,12.8267],[105.0215,12.7917],[105.0283,12.7927],[105.0239,12.7821],[105.0167,12.7825],[105.0195,12.7675],[105.0297,12.7503]]],[[[105.0233,12.7715],[105.0251,12.7689],[105.0225,12.7675],[105.0233,12.7715]]]]}},{"type":"Feature","properties":{"c":"1403","en":"Kampong Trabaek","km":"កំពង់ត្របែក"},"geometry":{"type":"Polygon","coordinates":[[[105.5881,11.2591],[105.5405,11.2585],[105.5267,11.2415],[105.5043,11.2399],[105.4997,11.2359],[105.4971,11.2075],[105.4603,11.1733],[105.4573,11.1483],[105.4669,11.1039],[105.4553,11.0531],[105.4499,11.0137],[105.4527,11.0073],[105.4335,10.9875],[105.4285,10.9745],[105.4487,10.9575],[105.4535,10.9555],[105.4645,10.9641],[105.4739,10.9639],[105.4889,10.9503],[105.4955,10.9487],[105.5003,10.9537],[105.5055,10.9493],[105.5173,10.9497],[105.6119,10.9737],[105.6105,10.9931],[105.5863,11.0007],[105.5803,11.0103],[105.5853,11.0227],[105.5953,11.0307],[105.6023,11.0499],[105.6029,11.0827],[105.6353,11.1213],[105.6191,11.1365],[105.6141,11.1497],[105.6081,11.2043],[105.5943,11.2285],[105.5881,11.2591]]]}},{"type":"Feature","properties":{"c":"0706","en":"Kampong Trach","km":"កំពង់ត្រាច"},"geometry":{"type":"MultiPolygon","coordinates":[[[[104.4019,10.4709],[104.4019,10.4745],[104.4051,10.4719],[104.4019,10.4709]]],[[[104.4079,10.4795],[104.4013,10.4849],[104.4027,10.4929],[104.4079,10.4937],[104.4061,10.4905],[104.4121,10.4875],[104.4215,10.4935],[104.4163,10.4991],[104.4147,10.5197],[104.3987,10.5259],[104.3863,10.5417],[104.3839,10.5713],[104.3753,10.5755],[104.3733,10.5705],[104.3631,10.5775],[104.3633,10.5861],[104.3785,10.5999],[104.3779,10.6267],[104.3833,10.6297],[104.4327,10.6299],[104.4451,10.6275],[104.4499,10.6203],[104.4703,10.6243],[104.4723,10.6323],[104.4901,10.6291],[104.5079,10.6209],[104.5173,10.6077],[104.5367,10.5957],[104.5351,10.5775],[104.5447,10.5639],[104.5779,10.5541],[104.5995,10.5343],[104.5877,10.5279],[104.5821,10.5039],[104.5595,10.4925],[104.5511,10.4561],[104.5417,10.4481],[104.5193,10.4415],[104.4979,10.4051],[104.4789,10.4319],[104.4381,10.4241],[104.4265,10.4437],[104.4151,10.4461],[104.4261,10.4581],[104.4159,10.4663],[104.4193,10.4715],[104.4145,10.4739],[104.4055,10.4677],[104.4051,10.4719],[104.4079,10.4795]]]]}},{"type":"Feature","properties":{"c":"0405","en":"Kampong Tralach","km":"កំពង់ត្រឡាច"},"geometry":{"type":"Polygon","coordinates":[[[104.7775,12.0681],[104.7663,12.0949],[104.7707,12.1083],[104.7613,12.1205],[104.7489,12.1135],[104.7477,12.1035],[104.7521,12.1007],[104.7463,12.0897],[104.7313,12.0821],[104.7251,12.0731],[104.7093,12.0659],[104.6867,12.0645],[104.6645,12.0543],[104.6453,12.0577],[104.6255,12.0513],[104.6403,12.0289],[104.6361,11.9899],[104.6293,11.9771],[104.6349,11.9669],[104.6555,11.9593],[104.6615,11.9521],[104.6633,11.9281],[104.6777,11.9067],[104.7051,11.9013],[104.7193,11.8529],[104.7351,11.8273],[104.7557,11.8277],[104.7825,11.8391],[104.7709,11.8539],[104.7713,11.8675],[104.7647,11.8817],[104.7725,11.8867],[104.7809,11.8813],[104.7873,11.8889],[104.8107,11.8941],[104.8211,11.8881],[104.8313,11.9429],[104.8453,11.9511],[104.8599,11.9825],[104.8755,11.9901],[104.8843,11.9877],[104.8887,12.0107],[104.8939,12.0153],[104.8877,12.0323],[104.8927,12.0405],[104.8903,12.0537],[104.8777,12.0741],[104.8547,12.0683],[104.8365,12.0371],[104.8101,12.0293],[104.8083,12.0181],[104.7917,12.0069],[104.7721,12.0269],[104.7775,12.0681]]]}},{"type":"Feature","properties":{"c":"0708","en":"Kampot","km":"ក្រុងកំពត"},"geometry":{"type":"Polygon","coordinates":[[[104.1657,10.6411],[104.1403,10.6403],[104.1191,10.6315],[104.1281,10.6129],[104.1475,10.5973],[104.1445,10.5943],[104.1495,10.5893],[104.1709,10.5807],[104.1661,10.5687],[104.1537,10.5601],[104.1797,10.5399],[104.2013,10.5597],[104.2167,10.5597],[104.2131,10.5703],[104.1897,10.5927],[104.1959,10.6101],[104.1927,10.6267],[104.1821,10.6279],[104.1709,10.6191],[104.1657,10.6411]]]}},{"type":"Feature","properties":{"c":"0212","en":"Kamrieng","km":"កំរៀង"},"geometry":{"type":"Polygon","coordinates":[[[102.7465,13.1471],[102.7085,13.1995],[102.3933,13.1975],[102.3919,13.1853],[102.3999,13.1561],[102.4063,13.1451],[102.4169,13.1387],[102.4177,13.1219],[102.4327,13.1021],[102.4347,13.0901],[102.4591,13.0825],[102.4951,13.0133],[102.5059,13.0059],[102.5289,13.0025],[102.5151,12.9925],[102.5093,12.9959],[102.4873,12.9825],[102.5625,12.9807],[102.5801,13.0141],[102.5845,13.0153],[102.5853,13.0289],[102.5809,13.0303],[102.5837,13.0485],[102.5735,13.0623],[102.5797,13.0739],[102.5925,13.0807],[102.5873,13.0821],[102.5875,13.0865],[102.5991,13.0865],[102.6027,13.0993],[102.6099,13.0975],[102.6143,13.1023],[102.6337,13.1053],[102.6331,13.1137],[102.6515,13.1159],[102.6805,13.1101],[102.6871,13.1011],[102.7039,13.1061],[102.7057,13.0957],[102.7117,13.0971],[102.7115,13.0927],[102.7195,13.0979],[102.7329,13.0939],[102.7341,13.1047],[102.7439,13.1011],[102.7469,13.1133],[102.7541,13.1117],[102.7635,13.1211],[102.7465,13.1471]]]}},{"type":"Feature","properties":{"c":"0801","en":"Kandal Stueng","km":"កណ្ដាលស្ទឹង"},"geometry":{"type":"Polygon","coordinates":[[[104.7745,11.4587],[104.7647,11.4631],[104.7641,11.4577],[104.7557,11.4573],[104.7597,11.4521],[104.7447,11.4553],[104.7415,11.4491],[104.7375,11.4553],[104.7243,11.4583],[104.7151,11.4549],[104.7139,11.4463],[104.7087,11.4451],[104.6777,11.4591],[104.6697,11.4583],[104.6605,11.4483],[104.6565,11.4495],[104.6565,11.4355],[104.6787,11.4219],[104.6897,11.4363],[104.7045,11.4295],[104.7199,11.4391],[104.7499,11.4249],[104.7613,11.4273],[104.7675,11.4217],[104.7745,11.4291],[104.7745,11.4217],[104.7823,11.4217],[104.7843,11.4161],[104.7869,11.4237],[104.7917,11.4231],[104.7883,11.4101],[104.7325,11.3499],[104.7551,11.3369],[104.8013,11.3543],[104.8347,11.3423],[104.8525,11.3417],[104.8653,11.3519],[104.8947,11.3493],[104.9133,11.3401],[104.9253,11.3273],[104.9347,11.3305],[104.9311,11.3625],[104.9467,11.3741],[104.9595,11.3941],[104.9539,11.4123],[104.9413,11.4193],[104.9411,11.4285],[104.9187,11.4291],[104.9047,11.4357],[104.8881,11.4305],[104.8821,11.4363],[104.8729,11.4215],[104.8675,11.4269],[104.8589,11.4239],[104.8529,11.4297],[104.8309,11.4313],[104.8229,11.4439],[104.8171,11.4395],[104.8175,11.4321],[104.8089,11.4305],[104.8019,11.4345],[104.7981,11.4445],[104.7851,11.4471],[104.7847,11.4539],[104.7745,11.4587]]]}},{"type":"Feature","properties":{"c":"1502","en":"Kandieng","km":"កណ្ដៀង"},"geometry":{"type":"MultiPolygon","coordinates":[[[[104.0163,12.7817],[104.0273,12.7827],[104.0341,12.7899],[104.0409,12.7845],[104.0545,12.7847],[104.0595,12.7923],[104.0665,12.7837],[104.0817,12.8013],[104.0915,12.8225],[104.0947,12.7835],[104.1261,12.7881],[104.1087,12.7513],[104.1161,12.7469],[104.1155,12.7397],[104.1261,12.7435],[104.1229,12.7243],[104.1281,12.7375],[104.1375,12.7431],[104.1393,12.7391],[104.1301,12.7297],[104.1329,12.7255],[104.1219,12.6995],[104.1237,12.6951],[104.1339,12.6959],[104.1281,12.6863],[104.1281,12.6681],[104.1019,12.6311],[104.0895,12.5987],[104.0467,12.5971],[104.0177,12.5867],[103.9955,12.5671],[103.9899,12.5531],[103.9559,12.5561],[103.9513,12.5523],[103.9327,12.5575],[103.9215,12.5459],[103.9159,12.5495],[103.9173,12.5737],[103.8885,12.5629],[103.8803,12.5839],[103.8863,12.6201],[103.8813,12.6445],[103.8843,12.6621],[103.8859,12.6661],[103.8997,12.6645],[103.9021,12.6679],[103.9083,12.7039],[103.9069,12.7237],[103.9181,12.7363],[103.9237,12.7605],[103.9349,12.7737],[103.9367,12.7943],[103.8989,12.8217],[103.8979,12.8299],[103.9097,12.8423],[103.9137,12.8387],[103.9265,12.8453],[103.9335,12.8223],[103.9491,12.8299],[103.9519,12.8405],[103.9577,12.8119],[103.9893,12.7967],[103.9975,12.8011],[104.0003,12.8087],[104.0025,12.8135],[104.0163,12.7817]]],[[[104.1461,12.7247],[104.1467,12.7201],[104.1399,12.7209],[104.1429,12.7223],[104.1461,12.7247]]],[[[104.1281,12.7521],[104.1247,12.7515],[104.1267,12.7555],[104.1281,12.7521]]],[[[104.0055,12.8135],[104.0025,12.8135],[104.0047,12.8167],[104.0055,12.8135]]]]}},{"type":"Feature","properties":{"c":"0307","en":"Kang Meas","km":"កងមាស"},"geometry":{"type":"Polygon","coordinates":[[[105.2415,12.0211],[105.2343,12.0231],[105.2345,11.9993],[105.2211,11.9957],[105.1963,11.9933],[105.1923,12.0031],[105.1789,12.0099],[105.1687,12.0089],[105.1619,12.0017],[105.1619,12.0135],[105.1525,12.0173],[105.1331,12.0023],[105.1085,12.0009],[105.1089,11.9887],[105.0991,11.9899],[105.0853,11.9833],[105.0843,11.9741],[105.0729,11.9791],[105.0643,11.9745],[105.0583,11.9813],[105.0473,11.9747],[105.0479,11.9709],[105.0269,11.9653],[105.0031,11.9321],[105.0025,11.9195],[104.9871,11.8819],[104.9961,11.8741],[105.0055,11.8545],[105.0657,11.8455],[105.1035,11.8455],[105.1195,11.8525],[105.1301,11.8645],[105.1387,11.9009],[105.1481,11.9137],[105.1907,11.9497],[105.2127,11.9481],[105.2137,11.9291],[105.2287,11.9221],[105.2727,11.9353],[105.3445,11.9303],[105.3277,11.9975],[105.3163,11.9971],[105.2747,12.0179],[105.2415,12.0211]]]}},{"type":"Feature","properties":{"c":"1404","en":"Kanhchriech","km":"កញ្ជ្រៀច"},"geometry":{"type":"Polygon","coordinates":[[[105.5141,11.7561],[105.5105,11.7577],[105.4945,11.7375],[105.4805,11.7107],[105.4419,11.7143],[105.4293,11.6983],[105.3929,11.6731],[105.3787,11.6479],[105.3819,11.6347],[105.3951,11.6327],[105.4471,11.6509],[105.5441,11.6657],[105.5565,11.6627],[105.5669,11.6531],[105.5909,11.6101],[105.6017,11.6011],[105.6567,11.6023],[105.6589,11.6141],[105.6529,11.6473],[105.6615,11.6689],[105.6527,11.6743],[105.6501,11.6963],[105.6719,11.7107],[105.7135,11.7105],[105.7217,11.7215],[105.7013,11.7425],[105.6683,11.7387],[105.5141,11.7561]]]}},{"type":"Feature","properties":{"c":"2105","en":"Kaoh Andaet","km":"កោះអណ្ដែត"},"geometry":{"type":"Polygon","coordinates":[[[104.9229,10.8437],[104.8955,10.8467],[104.8955,10.8403],[104.8591,10.8401],[104.8589,10.8223],[104.8643,10.8181],[104.8625,10.8009],[104.8499,10.8001],[104.8499,10.7859],[104.8173,10.7833],[104.8075,10.7577],[104.8253,10.7585],[104.8369,10.7117],[104.8567,10.6775],[104.8851,10.6785],[104.8981,10.6739],[104.9133,10.6847],[104.9313,10.6809],[104.9297,10.6607],[104.9543,10.6369],[104.9947,10.6623],[104.9963,10.6893],[105.0139,10.6913],[105.0147,10.8041],[104.9871,10.8311],[104.9685,10.8311],[104.9629,10.8207],[104.9517,10.8211],[104.9505,10.8403],[104.9377,10.8455],[104.9229,10.8437]]]}},{"type":"Feature","properties":{"c":"0903","en":"Kaoh Kong","km":"កោះកុង"},"geometry":{"type":"MultiPolygon","coordinates":[[[[103.0051,11.4183],[103.0171,11.4163],[103.0343,11.3773],[103.0283,11.3487],[103.0407,11.3353],[103.0387,11.3207],[103.0441,11.3059],[103.0253,11.2489],[103.0173,11.2435],[103.0073,11.2501],[102.9997,11.2483],[102.9981,11.2551],[102.9895,11.2555],[102.9897,11.2689],[102.9817,11.2757],[102.9855,11.2781],[102.9853,11.2965],[102.9809,11.3055],[102.9899,11.3193],[102.9757,11.3577],[102.9801,11.3705],[102.9711,11.4005],[102.9821,11.4213],[102.9851,11.4127],[102.9887,11.4083],[103.0051,11.4183]]],[[[103.0645,11.4215],[103.0617,11.4241],[103.0649,11.4273],[103.0645,11.4215]]],[[[103.0419,11.4433],[103.0293,11.4297],[103.0153,11.4227],[103.0137,11.4577],[102.9925,11.4937],[103.0121,11.4991],[103.0507,11.5005],[103.0817,11.4865],[103.0919,11.4871],[103.1065,11.5025],[103.1007,11.5101],[103.1051,11.5579],[103.0997,11.5791],[103.1255,11.5697],[103.1297,11.5869],[103.1537,11.6079],[103.1571,11.6075],[103.1579,11.5923],[103.1669,11.5955],[103.1767,11.5915],[103.1895,11.5985],[103.1971,11.6159],[103.2109,11.6161],[103.2095,11.6377],[103.2181,11.6441],[103.2341,11.6317],[103.2503,11.6393],[103.3181,11.6313],[103.3719,11.5781],[103.4449,11.5183],[103.4557,11.4903],[103.4521,11.4331],[103.4781,11.3889],[103.4719,11.3733],[103.4517,11.3491],[103.4423,11.3469],[103.4395,11.3373],[103.4295,11.3361],[103.4237,11.3293],[103.4065,11.2965],[103.3931,11.2869],[103.3879,11.2757],[103.3731,11.2733],[103.3663,11.2673],[103.3719,11.2541],[103.3599,11.2455],[103.3619,11.2291],[103.3413,11.2415],[103.3329,11.2361],[103.3355,11.2301],[103.3071,11.2179],[103.2253,11.2275],[103.2099,11.2241],[103.1893,11.2409],[103.1805,11.2665],[103.1681,11.2719],[103.1609,11.2973],[103.1471,11.2971],[103.1463,11.3163],[103.1345,11.3399],[103.1345,11.3493],[103.1191,11.3489],[103.1093,11.3429],[103.0941,11.3537],[103.0881,11.3737],[103.0861,11.4091],[103.0769,11.4207],[103.0749,11.4161],[103.0719,11.4179],[103.0717,11.4313],[103.0649,11.4273],[103.0649,11.4319],[103.0419,11.4433]]],[[[103.0065,11.4331],[103.0057,11.4361],[103.0093,11.4349],[103.0065,11.4331]]]]}},{"type":"Feature","properties":{"c":"1102","en":"Kaoh Nheaek","km":"កោះញែក"},"geometry":{"type":"Polygon","coordinates":[[[106.5201,13.3515],[106.4869,13.3827],[106.4199,13.4171],[106.3501,13.4001],[106.3507,13.3613],[106.3565,13.3381],[106.3497,13.3191],[106.3477,13.2865],[106.3707,13.2345],[106.4073,13.2143],[106.4247,13.1939],[106.4313,13.1745],[106.4289,13.1691],[106.3989,13.1755],[106.3527,13.1729],[106.3449,13.1603],[106.3389,13.1339],[106.3415,13.1057],[106.3817,13.0543],[106.4035,13.0453],[106.4083,13.0309],[106.4175,13.0217],[106.4411,13.0113],[106.4627,13.0133],[106.5547,12.9611],[106.5957,12.9321],[106.6131,12.9111],[106.6167,12.9151],[106.6265,12.8989],[106.6757,12.8901],[106.6923,12.8817],[106.7279,12.8889],[106.8095,12.8845],[106.8535,12.8937],[106.8797,12.8941],[106.8993,12.9031],[106.9299,12.9033],[106.9589,12.9129],[106.9887,12.9013],[106.9911,12.8849],[107.0197,12.8575],[107.0299,12.8403],[107.0393,12.8365],[107.1851,12.9097],[107.1941,12.9071],[107.1981,12.8955],[107.2149,12.8907],[107.2363,12.8729],[107.2685,12.8769],[107.2809,12.8741],[107.3129,12.8843],[107.3585,12.8687],[107.3937,12.8755],[107.4015,12.8633],[107.4297,12.8705],[107.4553,12.8841],[107.4703,12.9061],[107.4949,12.9069],[107.5007,12.9169],[107.4929,12.9267],[107.4917,12.9391],[107.4861,12.9427],[107.4875,12.9689],[107.5025,12.9743],[107.5025,12.9781],[107.4969,12.9857],[107.4979,12.9987],[107.4913,13.0017],[107.4907,13.0157],[107.6029,13.3025],[107.5845,13.3049],[107.5811,13.2953],[107.5649,13.2839],[107.5329,13.2997],[107.5167,13.2957],[107.5073,13.3025],[107.4969,13.2973],[107.4673,13.3345],[107.4579,13.3309],[107.4553,13.3191],[107.4445,13.3193],[107.4383,13.3121],[107.4029,13.2971],[107.4053,13.2867],[107.3957,13.2881],[107.3895,13.2805],[107.3703,13.2771],[107.3385,13.3161],[107.3183,13.3155],[107.3023,13.3073],[107.2911,13.3101],[107.2697,13.3587],[107.2433,13.3673],[107.2351,13.3575],[107.2347,13.3367],[107.2197,13.3315],[107.2101,13.3183],[107.1897,13.3079],[107.1625,13.3091],[107.1575,13.3237],[107.1457,13.3309],[107.1335,13.3299],[107.1239,13.3161],[107.1065,13.3085],[107.0907,13.3105],[107.0785,13.3211],[107.0785,13.3137],[107.0705,13.3111],[107.0751,13.3023],[107.0713,13.2995],[107.0813,13.2881],[107.0817,13.2793],[107.0891,13.2743],[107.0873,13.2523],[107.0931,13.2409],[107.0835,13.2301],[107.0837,13.2053],[107.0487,13.1737],[107.0373,13.1741],[107.0309,13.1851],[107.0051,13.1877],[106.9803,13.1779],[106.9633,13.1839],[106.9339,13.1739],[106.9117,13.1787],[106.8737,13.1743],[106.7793,13.1979],[106.7459,13.2275],[106.6081,13.3229],[106.6009,13.3191],[106.5733,13.3347],[106.5581,13.3505],[106.5339,13.3481],[106.5201,13.3515]]]}},{"type":"Feature","properties":{"c":"0308","en":"Kaoh Soutin","km":"កោះសូទិន"},"geometry":{"type":"Polygon","coordinates":[[[105.4637,11.9269],[105.4693,11.9465],[105.4185,11.9269],[105.4001,11.9295],[105.3777,11.9219],[105.3393,11.9311],[105.2881,11.9339],[105.2889,11.9231],[105.2755,11.9173],[105.2645,11.8985],[105.2683,11.8839],[105.2625,11.8619],[105.2661,11.8455],[105.2757,11.8411],[105.2793,11.8475],[105.2871,11.8461],[105.2843,11.8571],[105.3221,11.8641],[105.3265,11.8701],[105.3435,11.8539],[105.3621,11.8565],[105.3737,11.8443],[105.3913,11.8387],[105.4013,11.8465],[105.4051,11.8449],[105.4159,11.8285],[105.4443,11.8335],[105.4535,11.8903],[105.4669,11.9009],[105.4549,11.9137],[105.4637,11.9269]]]}},{"type":"Feature","properties":{"c":"0804","en":"Kaoh Thum","km":"កោះធំ"},"geometry":{"type":"Polygon","coordinates":[[[105.0655,11.2437],[105.0365,11.2409],[105.0373,11.2175],[105.0473,11.2057],[105.0333,11.1887],[105.0201,11.1823],[105.0135,11.1621],[105.0263,11.1619],[105.0201,11.1559],[105.0167,11.1353],[105.0191,11.1049],[105.0023,11.0603],[104.9963,11.0559],[104.9987,11.0493],[104.9929,11.0385],[104.9979,11.0293],[104.9909,11.0077],[104.9937,10.9983],[105.0311,10.9887],[105.0315,10.9605],[105.0425,10.9281],[105.0335,10.9107],[105.0363,10.8977],[105.0449,10.9025],[105.0425,10.9095],[105.0519,10.9163],[105.0533,10.9299],[105.0671,10.9389],[105.0789,10.9367],[105.0831,10.9585],[105.1161,10.9611],[105.1167,10.9443],[105.1023,10.9249],[105.1063,10.9195],[105.1311,10.9223],[105.1505,10.9487],[105.1523,10.9731],[105.1439,10.9913],[105.1449,11.0029],[105.1327,11.0085],[105.1285,11.0183],[105.1345,11.0237],[105.1305,11.0307],[105.1437,11.0347],[105.1381,11.0863],[105.1613,11.1233],[105.1625,11.1533],[105.1515,11.1655],[105.1521,11.2039],[105.1633,11.2273],[105.1607,11.2425],[105.0655,11.2437]]]}},{"type":"Feature","properties":{"c":"0904","en":"Khemara Phoumin","km":"ក្រុងខេមរភូមិន្ទ"},"geometry":{"type":"Polygon","coordinates":[[[103.0909,11.6243],[103.0901,11.6393],[103.0821,11.6495],[103.0575,11.6363],[103.0433,11.6351],[103.0253,11.6233],[103.0095,11.6223],[103.0037,11.6389],[102.9829,11.6401],[102.9735,11.6259],[102.9675,11.5731],[102.9793,11.5603],[102.9907,11.5577],[103.0001,11.5399],[103.0159,11.5447],[103.0363,11.5427],[103.0379,11.5669],[103.0429,11.5753],[103.0409,11.5861],[103.0473,11.5877],[103.0553,11.5807],[103.0595,11.5827],[103.0577,11.5925],[103.0923,11.5927],[103.0953,11.5987],[103.0909,11.6243]]]}},{"type":"Feature","properties":{"c":"0803","en":"Khsach Kandal","km":"ខ្សាច់កណ្ដាល"},"geometry":{"type":"Polygon","coordinates":[[[105.0627,11.8059],[105.0671,11.8087],[105.0635,11.8187],[105.0485,11.8325],[105.0383,11.8503],[105.0291,11.8517],[105.0225,11.8523],[104.9995,11.8393],[104.9795,11.8157],[104.9843,11.8027],[104.9987,11.8001],[105.0131,11.7895],[105.0155,11.7675],[104.9715,11.7171],[104.9581,11.6789],[104.9363,11.6391],[104.9323,11.6237],[104.9451,11.5759],[104.9739,11.5829],[104.9919,11.5761],[105.0073,11.5813],[105.0195,11.5889],[105.0245,11.5981],[105.0233,11.6135],[105.0137,11.6273],[105.0231,11.6383],[105.0339,11.6445],[105.0489,11.6199],[105.0575,11.6255],[105.0565,11.6407],[105.0755,11.6437],[105.0829,11.6195],[105.1007,11.5921],[105.1027,11.5685],[105.1117,11.5591],[105.1171,11.5611],[105.1119,11.6127],[105.1035,11.6249],[105.1135,11.6339],[105.1117,11.6411],[105.1323,11.6531],[105.1211,11.6673],[105.1281,11.6761],[105.1287,11.6931],[105.1569,11.7087],[105.1551,11.7241],[105.1593,11.7355],[105.1431,11.7349],[105.1211,11.7419],[105.1013,11.7347],[105.0881,11.7501],[105.0481,11.7521],[105.0507,11.7931],[105.0529,11.8011],[105.0627,11.8059]]]}},{"type":"Feature","properties":{"c":"0802","en":"Kien Svay","km":"កៀនស្វាយ"},"geometry":{"type":"Polygon","coordinates":[[[105.2587,11.3701],[105.2557,11.3915],[105.2477,11.4065],[105.1707,11.4613],[105.1547,11.4779],[105.0531,11.5357],[105.0417,11.5389],[105.0299,11.5233],[105.0263,11.5157],[105.0293,11.4835],[105.0491,11.4823],[105.0311,11.4723],[105.0297,11.4657],[105.0459,11.4571],[105.0539,11.4409],[105.0521,11.4255],[105.0417,11.4131],[105.0855,11.3929],[105.1141,11.3661],[105.1625,11.3639],[105.1677,11.3569],[105.1691,11.3231],[105.1957,11.3285],[105.2241,11.3267],[105.2407,11.3177],[105.2571,11.3199],[105.2757,11.3059],[105.2717,11.3309],[105.2597,11.3545],[105.2587,11.3701]]]}},{"type":"Feature","properties":{"c":"0902","en":"Kiri Sakor","km":"គិរីសាគរ"},"geometry":{"type":"MultiPolygon","coordinates":[[[[103.0727,10.9057],[103.0903,10.8939],[103.0909,10.8901],[103.0693,10.8883],[103.0727,10.9057]]],[[[103.0605,10.9099],[103.0627,10.9081],[103.0589,10.9065],[103.0573,10.9111],[103.0605,10.9099]]],[[[103.0797,10.9449],[103.0797,10.9391],[103.0757,10.9347],[103.0733,10.9311],[103.0731,10.9381],[103.0797,10.9449]]],[[[103.0475,10.9565],[103.0555,10.9609],[103.0549,10.9575],[103.0533,10.9545],[103.0475,10.9565]]],[[[103.0789,10.9819],[103.0779,10.9785],[103.0735,10.9773],[103.0679,10.9745],[103.0713,10.9815],[103.0789,10.9819]]],[[[103.1681,11.2719],[103.1805,11.2665],[103.1893,11.2409],[103.2099,11.2241],[103.2253,11.2275],[103.2791,11.2219],[103.3071,11.2179],[103.3089,11.2133],[103.2819,11.1953],[103.2999,11.1797],[103.3075,11.1637],[103.2779,11.1117],[103.2769,11.0983],[103.2633,11.0835],[103.2603,11.0659],[103.2447,11.0553],[103.2177,11.0575],[103.2181,11.0335],[103.2271,11.0065],[103.2385,10.9963],[103.2377,10.9883],[103.2209,10.9829],[103.2129,10.9735],[103.1755,10.9607],[103.1821,10.9359],[103.1623,10.9221],[103.1567,10.9127],[103.1565,10.9009],[103.1687,10.8891],[103.1659,10.8875],[103.1835,10.8769],[103.1811,10.8581],[103.1735,10.8591],[103.1565,10.8737],[103.1473,10.8729],[103.1433,10.8625],[103.1237,10.8705],[103.1215,10.8743],[103.1279,10.8745],[103.1317,10.8809],[103.1293,10.8953],[103.1145,10.9099],[103.0989,10.9165],[103.0965,10.9487],[103.1079,10.9629],[103.1091,10.9961],[103.0969,11.0741],[103.0897,11.0783],[103.0953,11.0831],[103.1041,11.0785],[103.1099,11.0859],[103.1171,11.1005],[103.1149,11.1257],[103.0979,11.1843],[103.0819,11.2175],[103.0731,11.2235],[103.0533,11.2165],[103.0479,11.2233],[103.0565,11.2335],[103.0707,11.2383],[103.0657,11.2557],[103.0759,11.2643],[103.0719,11.2863],[103.0931,11.2867],[103.0933,11.2995],[103.1031,11.2983],[103.1155,11.3061],[103.1199,11.3179],[103.1315,11.3123],[103.1451,11.3205],[103.1463,11.3163],[103.1471,11.2971],[103.1609,11.2973],[103.1681,11.2719]]]]}},{"type":"Feature","properties":{"c":"2104","en":"Kiri Vong","km":"គីរីវង់"},"geometry":{"type":"Polygon","coordinates":[[[104.8173,10.7833],[104.7679,10.7773],[104.7613,10.7655],[104.7531,10.7639],[104.7521,10.7701],[104.7387,10.7801],[104.7143,10.7727],[104.7039,10.7647],[104.7021,10.7411],[104.6711,10.6955],[104.6769,10.6361],[104.6739,10.6213],[104.7077,10.6191],[104.7135,10.6095],[104.7065,10.5891],[104.7129,10.5753],[104.7141,10.5415],[104.7185,10.5373],[104.7145,10.5321],[104.7537,10.5179],[104.8691,10.5223],[104.8975,10.5479],[104.9353,10.6137],[104.9543,10.6369],[104.9297,10.6607],[104.9313,10.6809],[104.9133,10.6847],[104.8981,10.6739],[104.8851,10.6785],[104.8567,10.6775],[104.8369,10.7117],[104.8253,10.7585],[104.8075,10.7577],[104.8173,10.7833]]]}},{"type":"Feature","properties":{"c":"0213","en":"Koas Krala","km":"គាស់ក្រឡ"},"geometry":{"type":"Polygon","coordinates":[[[103.3167,12.6917],[103.3235,12.7357],[103.3347,12.7583],[103.3489,12.7719],[103.3559,12.8061],[103.3165,12.8389],[103.3277,12.8771],[103.3055,12.9089],[103.2209,12.8925],[103.1673,12.8321],[103.0401,12.7707],[103.0353,12.7397],[103.0467,12.7275],[103.0447,12.7153],[103.0605,12.6833],[103.0765,12.6889],[103.0893,12.6727],[103.0825,12.6585],[103.0911,12.6357],[103.0793,12.6041],[103.0621,12.5901],[103.0469,12.5629],[103.0391,12.5595],[103.0343,12.5245],[103.0015,12.5021],[102.9957,12.4847],[103.0063,12.4777],[103.0225,12.4475],[103.0667,12.4375],[103.0711,12.4401],[103.0723,12.4597],[103.0831,12.4645],[103.1033,12.4637],[103.1367,12.4887],[103.1597,12.4813],[103.1829,12.5049],[103.2071,12.5113],[103.2271,12.5265],[103.2381,12.5243],[103.2381,12.6041],[103.3053,12.6047],[103.3049,12.6599],[103.3167,12.6917]]]}},{"type":"Feature","properties":{"c":"0503","en":"Kong Pisei","km":"គងពិសី"},"geometry":{"type":"Polygon","coordinates":[[[104.7225,11.4379],[104.7045,11.4295],[104.6897,11.4363],[104.6787,11.4219],[104.6565,11.4355],[104.6507,11.4059],[104.6495,11.3601],[104.6223,11.3887],[104.6171,11.3893],[104.6061,11.3745],[104.5941,11.3687],[104.6021,11.3649],[104.5991,11.3589],[104.5751,11.3577],[104.5347,11.3045],[104.6017,11.2347],[104.5841,11.2097],[104.6355,11.1983],[104.6555,11.1985],[104.6897,11.1885],[104.6963,11.2329],[104.7015,11.2413],[104.7109,11.3213],[104.7379,11.3575],[104.7883,11.4101],[104.7917,11.4231],[104.7869,11.4237],[104.7843,11.4161],[104.7823,11.4217],[104.7745,11.4217],[104.7745,11.4291],[104.7675,11.4217],[104.7613,11.4273],[104.7363,11.4283],[104.7225,11.4379]]]}},{"type":"Feature","properties":{"c":"1604","en":"Koun Mom","km":"កូនមុំ"},"geometry":{"type":"Polygon","coordinates":[[[106.7105,13.8075],[106.6581,13.8231],[106.6535,13.8063],[106.6633,13.7829],[106.6619,13.7739],[106.6365,13.7417],[106.6319,13.7215],[106.6177,13.7031],[106.5863,13.6831],[106.5309,13.6703],[106.5317,13.5531],[106.5525,13.5449],[106.5703,13.5187],[106.5749,13.4943],[106.6007,13.4385],[106.6125,13.4273],[106.6137,13.4181],[106.6053,13.4015],[106.6221,13.3879],[106.6209,13.3761],[106.6269,13.3711],[106.6273,13.3591],[106.6249,13.3465],[106.6089,13.3411],[106.6081,13.3229],[106.7459,13.2275],[106.7793,13.1979],[106.8635,13.1751],[106.8985,13.1751],[106.9027,13.1769],[106.8993,13.1911],[106.9093,13.2275],[106.8979,13.2429],[106.8989,13.2671],[106.8813,13.2785],[106.8935,13.2963],[106.8927,13.3059],[106.9037,13.3251],[106.9037,13.3451],[106.8893,13.3541],[106.8819,13.3745],[106.8855,13.3797],[106.8829,13.3939],[106.8651,13.4103],[106.8567,13.4107],[106.8455,13.4309],[106.8511,13.4385],[106.8663,13.4375],[106.8769,13.4463],[106.8781,13.4565],[106.8723,13.4657],[106.8753,13.4865],[106.8977,13.5027],[106.8975,13.5149],[106.9047,13.5269],[106.8945,13.5407],[106.8993,13.5635],[106.9193,13.5903],[106.9183,13.6051],[106.9309,13.6257],[106.9373,13.6575],[106.9577,13.6857],[106.9585,13.7039],[106.9435,13.7183],[106.9327,13.7245],[106.9139,13.7265],[106.9013,13.7369],[106.8969,13.7425],[106.9119,13.7679],[106.8671,13.7831],[106.8797,13.7933],[106.8725,13.7995],[106.8495,13.7909],[106.8239,13.7733],[106.8123,13.7717],[106.7957,13.7765],[106.7757,13.7903],[106.7697,13.7873],[106.7457,13.7925],[106.7315,13.8053],[106.7105,13.8075]]]}},{"type":"Feature","properties":{"c":"1002","en":"Kracheh","km":"ក្រុងក្រចេះ"},"geometry":{"type":"Polygon","coordinates":[[[106.0461,12.5177],[106.0499,12.5367],[106.0161,12.5385],[106.0135,12.5237],[106.0061,12.5155],[105.9897,12.5317],[105.9809,12.5167],[105.9891,12.4911],[106.0155,12.4637],[106.0235,12.4409],[106.0287,12.4479],[106.0375,12.4485],[106.0463,12.4419],[106.0415,12.4359],[106.0565,12.4377],[106.0595,12.4267],[106.0715,12.4281],[106.0719,12.4647],[106.0909,12.4877],[106.0899,12.5293],[106.0631,12.5125],[106.0461,12.5177]]]}},{"type":"Feature","properties":{"c":"1503","en":"Krakor","km":"ក្រគរ"},"geometry":{"type":"MultiPolygon","coordinates":[[[[104.1557,12.6919],[104.1497,12.6761],[104.1543,12.6577],[104.1457,12.6575],[104.1565,12.6429],[104.1731,12.6377],[104.1813,12.6101],[104.2003,12.5807],[104.2083,12.5745],[104.2163,12.5769],[104.2455,12.5697],[104.2623,12.5579],[104.2755,12.5559],[104.2851,12.5607],[104.2937,12.5483],[104.2971,12.5543],[104.3205,12.5353],[104.3315,12.5357],[104.3395,12.5279],[104.3479,12.5269],[104.3517,12.5197],[104.3867,12.5085],[104.3889,12.4979],[104.3807,12.4559],[104.3919,12.4203],[104.3763,12.4165],[104.3525,12.3979],[104.3389,12.3553],[104.3147,12.3275],[104.2829,12.3217],[104.2639,12.2993],[104.2207,12.2907],[104.2123,12.2843],[104.1805,12.2415],[104.1731,12.1969],[104.1593,12.2011],[104.0751,12.2655],[104.0573,12.3019],[104.0423,12.3035],[104.0387,12.3099],[104.0271,12.3127],[104.0293,12.3411],[104.0135,12.3523],[104.0065,12.3781],[103.9969,12.3889],[104.0071,12.4141],[103.9965,12.4537],[104.0149,12.4681],[104.0177,12.4763],[104.0079,12.4849],[104.0077,12.5003],[103.9937,12.5263],[103.9955,12.5671],[104.0243,12.5897],[104.0467,12.5971],[104.0895,12.5987],[104.1019,12.6311],[104.1281,12.6681],[104.1299,12.6903],[104.1373,12.6977],[104.1455,12.6945],[104.1557,12.6919]]],[[[104.3847,12.5285],[104.3889,12.5223],[104.3617,12.5267],[104.3459,12.5407],[104.3531,12.5373],[104.3847,12.5285]]]]}},{"type":"Feature","properties":{"c":"1706","en":"Kralanh","km":"ក្រឡាញ់"},"geometry":{"type":"Polygon","coordinates":[[[103.5199,13.7459],[103.5073,13.7503],[103.4927,13.7445],[103.4639,13.7043],[103.4379,13.6935],[103.4329,13.6819],[103.4135,13.6721],[103.3965,13.6461],[103.4077,13.6335],[103.3973,13.6331],[103.3963,13.6257],[103.3903,13.6223],[103.3979,13.6153],[103.3953,13.6093],[103.4071,13.6117],[103.4071,13.6045],[103.4141,13.6011],[103.4129,13.5943],[103.4043,13.5915],[103.4123,13.5833],[103.4081,13.5787],[103.4163,13.5791],[103.4153,13.5743],[103.4031,13.5693],[103.4137,13.5619],[103.4103,13.5515],[103.4179,13.5431],[103.4177,13.5305],[103.4055,13.5137],[103.4121,13.5007],[103.4071,13.4949],[103.4039,13.4979],[103.4003,13.4757],[103.4139,13.4657],[103.4039,13.4535],[103.3945,13.4137],[103.4117,13.3881],[103.4161,13.3683],[103.4559,13.3533],[103.4631,13.3465],[103.4771,13.3537],[103.4937,13.3445],[103.4981,13.3483],[103.4871,13.3767],[103.4741,13.4521],[103.4903,13.4625],[103.4857,13.4707],[103.4953,13.4815],[103.4997,13.4975],[103.5193,13.5085],[103.5359,13.5413],[103.5495,13.5515],[103.5577,13.5933],[103.5871,13.6375],[103.5859,13.6609],[103.5927,13.6825],[103.6139,13.6953],[103.6133,13.7387],[103.5867,13.7255],[103.5679,13.7295],[103.5337,13.7459],[103.5199,13.7459]]]}},{"type":"Feature","properties":{"c":"2502","en":"Krouch Chhmar","km":"ក្រូចឆ្មារ"},"geometry":{"type":"Polygon","coordinates":[[[105.6417,12.2887],[105.6211,12.2987],[105.5875,12.2989],[105.5657,12.2861],[105.5493,12.2659],[105.5369,12.2237],[105.5353,12.2061],[105.5411,12.1783],[105.5305,12.1019],[105.5579,12.1045],[105.5707,12.1115],[105.5747,12.1253],[105.5859,12.1235],[105.5961,12.1377],[105.6121,12.1367],[105.6235,12.1243],[105.6243,12.1171],[105.6479,12.1061],[105.6627,12.1101],[105.6795,12.1243],[105.6851,12.1353],[105.6969,12.1361],[105.7063,12.1353],[105.7059,12.1179],[105.7341,12.0925],[105.7521,12.0915],[105.7599,12.1063],[105.7777,12.0903],[105.7887,12.0907],[105.7951,12.1055],[105.7945,12.1333],[105.8125,12.1861],[105.8325,12.1919],[105.8425,12.2049],[105.8373,12.2311],[105.8301,12.2435],[105.8311,12.2569],[105.7455,12.2589],[105.7247,12.2695],[105.7211,12.2775],[105.6813,12.2865],[105.6417,12.2887]]]}},{"type":"Feature","properties":{"c":"1304","en":"Kuleaen","km":"គូលែន"},"geometry":{"type":"Polygon","coordinates":[[[104.7125,13.9517],[104.6865,13.9587],[104.6209,13.9889],[104.5351,14.0017],[104.5185,14.0185],[104.4941,14.0583],[104.4777,14.0731],[104.4565,14.0877],[104.4513,14.0787],[104.4401,14.0731],[104.4179,13.9979],[104.4277,13.9731],[104.4201,13.9571],[104.4219,13.9389],[104.4263,13.9353],[104.4227,13.9219],[104.4079,13.9089],[104.4173,13.8917],[104.3993,13.8917],[104.3907,13.8721],[104.3957,13.8643],[104.3823,13.8515],[104.3783,13.8379],[104.3689,13.8387],[104.3675,13.8257],[104.3583,13.8135],[104.3645,13.8071],[104.3859,13.8067],[104.3957,13.7791],[104.4149,13.7655],[104.4083,13.7513],[104.4283,13.7209],[104.4321,13.7001],[104.4287,13.6791],[104.4397,13.6697],[104.4403,13.6539],[104.4263,13.6323],[104.4251,13.6163],[104.4091,13.6069],[104.4025,13.5957],[104.4111,13.5681],[104.4093,13.5577],[104.5317,13.5449],[104.5527,13.5259],[104.5693,13.5219],[104.5983,13.5235],[104.6159,13.5063],[104.6229,13.5065],[104.6501,13.5167],[104.6753,13.5345],[104.6805,13.5571],[104.7073,13.6007],[104.7211,13.6383],[104.7355,13.6619],[104.7545,13.6811],[104.7861,13.7011],[104.8665,13.7247],[104.8399,13.7679],[104.8649,13.8039],[104.8923,13.8857],[104.9223,13.9363],[104.8635,13.9507],[104.7987,13.9425],[104.7491,13.9531],[104.7125,13.9517]]]}},{"type":"Feature","properties":{"c":"0805","en":"Leuk Daek","km":"លើកដែក"},"geometry":{"type":"Polygon","coordinates":[[[105.2329,11.3245],[105.1957,11.3285],[105.1691,11.3231],[105.1611,11.2993],[105.1633,11.2273],[105.1521,11.2039],[105.1515,11.1655],[105.1625,11.1533],[105.1613,11.1233],[105.1381,11.0863],[105.1437,11.0347],[105.1305,11.0307],[105.1345,11.0237],[105.1285,11.0183],[105.1327,11.0085],[105.1449,11.0029],[105.1439,10.9913],[105.1523,10.9699],[105.1497,10.9441],[105.1307,10.9265],[105.1311,10.9223],[105.1563,10.9231],[105.1827,10.9121],[105.1895,10.9135],[105.1839,10.9567],[105.1969,11.0271],[105.1943,11.0865],[105.2339,11.1297],[105.2455,11.1625],[105.2461,11.1879],[105.2627,11.2039],[105.2811,11.2537],[105.2757,11.3059],[105.2571,11.3199],[105.2407,11.3177],[105.2329,11.3245]]]}},{"type":"Feature","properties":{"c":"1605","en":"Lumphat","km":"លំផាត់"},"geometry":{"type":"Polygon","coordinates":[[[107.0421,13.5857],[107.0421,13.6041],[107.0189,13.6175],[107.0117,13.6329],[106.9905,13.6449],[106.9703,13.6919],[106.9599,13.6961],[106.9577,13.6857],[106.9435,13.6689],[106.9437,13.6615],[106.9373,13.6575],[106.9309,13.6257],[106.9183,13.6051],[106.9193,13.5903],[106.8993,13.5635],[106.8945,13.5407],[106.9047,13.5269],[106.8975,13.5149],[106.8977,13.5027],[106.8753,13.4865],[106.8723,13.4657],[106.8781,13.4565],[106.8769,13.4463],[106.8663,13.4375],[106.8511,13.4385],[106.8455,13.4309],[106.8567,13.4107],[106.8651,13.4103],[106.8829,13.3939],[106.8855,13.3797],[106.8819,13.3745],[106.8893,13.3541],[106.9037,13.3451],[106.9037,13.3251],[106.8927,13.3059],[106.8935,13.2963],[106.8813,13.2785],[106.8989,13.2671],[106.8979,13.2429],[106.9093,13.2275],[106.8993,13.1911],[106.9027,13.1769],[106.9339,13.1739],[106.9633,13.1839],[106.9803,13.1779],[107.0051,13.1877],[107.0309,13.1851],[107.0409,13.1729],[107.0595,13.1821],[107.0837,13.2053],[107.0835,13.2301],[107.0931,13.2409],[107.0873,13.2523],[107.0891,13.2743],[107.0817,13.2793],[107.0813,13.2881],[107.0713,13.2995],[107.0751,13.3023],[107.0705,13.3111],[107.0785,13.3137],[107.0785,13.3211],[107.0907,13.3105],[107.1065,13.3085],[107.1239,13.3161],[107.1335,13.3299],[107.1457,13.3309],[107.1575,13.3237],[107.1625,13.3091],[107.1897,13.3079],[107.2101,13.3183],[107.2197,13.3315],[107.2347,13.3367],[107.2361,13.3605],[107.2465,13.3673],[107.2697,13.3587],[107.2911,13.3101],[107.3023,13.3073],[107.3183,13.3155],[107.3385,13.3161],[107.3503,13.3355],[107.3619,13.3343],[107.3579,13.3457],[107.3647,13.3423],[107.3757,13.3569],[107.3719,13.3773],[107.3757,13.3845],[107.3605,13.3925],[107.3623,13.4051],[107.3555,13.4187],[107.3485,13.4199],[107.3425,13.4281],[107.3453,13.4349],[107.3415,13.4423],[107.3363,13.4455],[107.3293,13.4425],[107.3141,13.4507],[107.3161,13.4583],[107.3081,13.4669],[107.3041,13.4841],[107.3049,13.5083],[107.2995,13.5283],[107.2853,13.5441],[107.2933,13.5669],[107.2825,13.5855],[107.2699,13.5955],[107.2329,13.5921],[107.2009,13.6007],[107.1395,13.6033],[107.1223,13.6115],[107.0999,13.6157],[107.0951,13.6123],[107.0955,13.6199],[107.0875,13.6255],[107.0875,13.6015],[107.0801,13.5877],[107.0699,13.5811],[107.0421,13.5857]]]}},{"type":"Feature","properties":{"c":"0806","en":"Lvea Aem","km":"ល្វាឯម"},"geometry":{"type":"Polygon","coordinates":[[[105.0453,11.6231],[105.0417,11.6373],[105.0295,11.6437],[105.0137,11.6273],[105.0251,11.6061],[105.0195,11.5889],[104.9919,11.5761],[104.9739,11.5829],[104.9451,11.5759],[104.9459,11.5631],[104.9713,11.5475],[104.9949,11.5433],[105.0177,11.5453],[105.0759,11.5247],[105.1547,11.4779],[105.1707,11.4613],[105.2477,11.4065],[105.2557,11.3915],[105.2893,11.4151],[105.2965,11.4253],[105.2827,11.4431],[105.2845,11.4529],[105.2777,11.4579],[105.2699,11.4501],[105.2623,11.4581],[105.2561,11.4527],[105.2367,11.4635],[105.2269,11.4747],[105.2277,11.4853],[105.2211,11.4897],[105.2137,11.4877],[105.2115,11.5031],[105.1983,11.5211],[105.1807,11.5183],[105.1599,11.5313],[105.1467,11.5273],[105.1281,11.5367],[105.1339,11.5495],[105.1171,11.5611],[105.1083,11.5611],[105.1027,11.5685],[105.1007,11.5921],[105.0829,11.6195],[105.0755,11.6437],[105.0565,11.6407],[105.0575,11.6255],[105.0527,11.6203],[105.0453,11.6231]]]}},{"type":"Feature","properties":{"c":"0109","en":"Malai","km":"ម៉ាឡៃ"},"geometry":{"type":"Polygon","coordinates":[[[102.6217,13.6083],[102.5749,13.6037],[102.5701,13.5867],[102.5625,13.5793],[102.5253,13.5653],[102.4799,13.5717],[102.4597,13.5627],[102.4387,13.5603],[102.4193,13.5709],[102.3987,13.5671],[102.3759,13.5775],[102.3645,13.5761],[102.3581,13.5657],[102.3413,13.5593],[102.3349,13.5415],[102.3629,13.5057],[102.3573,13.4757],[102.6961,13.4795],[102.7371,13.4433],[102.8229,13.4761],[102.8301,13.4857],[102.8171,13.4987],[102.8105,13.4991],[102.8003,13.4909],[102.7793,13.4967],[102.7621,13.5075],[102.7613,13.5161],[102.7407,13.5293],[102.7261,13.5633],[102.7147,13.5733],[102.7085,13.5755],[102.7005,13.5669],[102.6861,13.5621],[102.6669,13.5621],[102.6631,13.5685],[102.6313,13.5609],[102.6297,13.6045],[102.6217,13.6083]]]}},{"type":"Feature","properties":{"c":"1405","en":"Me Sang","km":"មេសាង"},"geometry":{"type":"Polygon","coordinates":[[[105.6173,11.4559],[105.5929,11.4843],[105.5883,11.4845],[105.5473,11.4537],[105.5399,11.4599],[105.5347,11.4547],[105.5145,11.4503],[105.5021,11.4167],[105.4863,11.4107],[105.4775,11.4005],[105.4739,11.3757],[105.4567,11.3723],[105.4565,11.3687],[105.4633,11.3463],[105.4755,11.3429],[105.4837,11.3119],[105.4971,11.3145],[105.5183,11.2773],[105.5295,11.2667],[105.5405,11.2585],[105.5863,11.2613],[105.5925,11.2503],[105.5943,11.2285],[105.6081,11.2043],[105.6247,11.2377],[105.6245,11.2497],[105.6347,11.2575],[105.6373,11.2713],[105.6453,11.2719],[105.6531,11.2647],[105.6679,11.2647],[105.6697,11.2743],[105.6523,11.3209],[105.6519,11.4007],[105.6565,11.4273],[105.6173,11.4559]]]}},{"type":"Feature","properties":{"c":"1206","en":"Mean Chey","km":"ខណ្ឌមានជ័យ"},"geometry":{"type":"Polygon","coordinates":[[[104.9181,11.5271],[104.9093,11.5407],[104.8955,11.5495],[104.8607,11.5455],[104.8629,11.5247],[104.9129,11.5191],[104.9137,11.4825],[104.9471,11.4937],[104.9321,11.5313],[104.9181,11.5271]]]}},{"type":"Feature","properties":{"c":"2503","en":"Memot","km":"មេមត់"},"geometry":{"type":"Polygon","coordinates":[[[106.0449,12.1497],[106.0447,12.1563],[106.0301,12.1475],[106.0215,12.1491],[106.0013,12.1425],[105.9641,12.1039],[105.9581,12.0767],[105.9735,12.0107],[105.9953,11.9755],[105.9981,11.8845],[106.0119,11.8677],[106.0263,11.8169],[106.0241,11.7753],[106.0681,11.7765],[106.0901,11.7655],[106.1083,11.7459],[106.1311,11.7455],[106.1531,11.7371],[106.1665,11.7469],[106.1817,11.7483],[106.1893,11.7539],[106.1977,11.7395],[106.2133,11.7287],[106.2291,11.7315],[106.2621,11.7237],[106.2723,11.7135],[106.2703,11.7065],[106.2977,11.6817],[106.2981,11.6739],[106.3173,11.6757],[106.3341,11.6879],[106.3363,11.6813],[106.3685,11.6967],[106.3829,11.6969],[106.4355,11.6699],[106.4505,11.6707],[106.4537,11.6895],[106.4395,11.7051],[106.4279,11.7281],[106.4151,11.7663],[106.4347,11.8075],[106.4467,11.8227],[106.4393,11.8397],[106.4397,11.8555],[106.4479,11.8661],[106.4579,11.8645],[106.4659,11.8675],[106.4655,11.8715],[106.4139,11.9735],[106.3997,11.9773],[106.3789,11.9553],[106.3535,11.9499],[106.3133,11.9639],[106.2859,11.9605],[106.2809,11.9551],[106.2559,11.9537],[106.2361,11.9659],[106.2251,11.9575],[106.1993,11.9685],[106.1797,11.9531],[106.1755,11.9637],[106.1671,11.9667],[106.1741,11.9713],[106.1715,11.9967],[106.1811,12.0103],[106.1727,12.0349],[106.1625,12.0421],[106.1577,12.0407],[106.1467,12.0543],[106.1399,12.0491],[106.1367,12.0519],[106.1333,12.0461],[106.1311,12.0559],[106.1201,12.0571],[106.1113,12.0753],[106.0867,12.0745],[106.0803,12.0695],[106.0739,12.0725],[106.0759,12.0815],[106.0591,12.0825],[106.0571,12.0865],[106.0449,12.0825],[106.0495,12.0895],[106.0417,12.0967],[106.0593,12.1127],[106.0557,12.1205],[106.0599,12.1279],[106.0449,12.1497]]]}},{"type":"Feature","properties":{"c":"0905","en":"Mondol Seima","km":"មណ្ឌលសីមា"},"geometry":{"type":"Polygon","coordinates":[[[103.1355,11.9445],[103.1119,11.9479],[103.0187,11.9887],[102.9727,12.0023],[102.7977,12.0135],[102.7797,12.0231],[102.7765,12.0139],[102.7847,11.9779],[102.7913,11.9763],[102.8011,11.9489],[102.8095,11.9451],[102.8153,11.9355],[102.8141,11.9225],[102.8221,11.9067],[102.8199,11.8931],[102.8335,11.8569],[102.8537,11.8263],[102.8613,11.8253],[102.8665,11.8069],[102.8849,11.7997],[102.8827,11.7905],[102.8925,11.7869],[102.9049,11.7675],[102.9111,11.7435],[102.9121,11.6459],[102.9197,11.6301],[102.9269,11.6287],[102.9357,11.6131],[102.9387,11.6019],[102.9327,11.5997],[102.9313,11.5931],[102.9331,11.5863],[102.9427,11.5841],[102.9535,11.5651],[102.9557,11.5579],[102.9509,11.5489],[102.9681,11.5249],[102.9805,11.5187],[102.9857,11.4995],[102.9925,11.4937],[103.0121,11.4991],[103.0507,11.5005],[103.0859,11.4861],[103.1065,11.5025],[103.1007,11.5101],[103.1051,11.5579],[103.0963,11.5911],[103.1123,11.5901],[103.1191,11.5951],[103.1203,11.6239],[103.1289,11.6361],[103.1389,11.6697],[103.1577,11.6929],[103.1875,11.8441],[103.1987,11.9635],[103.1851,11.9525],[103.1665,11.9457],[103.1355,11.9445]],[[103.0721,11.6435],[103.0821,11.6495],[103.0901,11.6393],[103.0945,11.5959],[103.0895,11.5919],[103.0577,11.5925],[103.0595,11.5827],[103.0553,11.5807],[103.0473,11.5877],[103.0409,11.5861],[103.0429,11.5753],[103.0379,11.5669],[103.0363,11.5427],[103.0159,11.5447],[103.0001,11.5399],[102.9907,11.5577],[102.9793,11.5603],[102.9693,11.5695],[102.9729,11.6223],[102.9799,11.6383],[103.0037,11.6389],[103.0095,11.6223],[103.0301,11.6245],[103.0433,11.6351],[103.0721,11.6435]]]}},{"type":"Feature","properties":{"c":"0102","en":"Mongkol Borei","km":"មង្គលបូរី"},"geometry":{"type":"Polygon","coordinates":[[[103.1425,13.5249],[103.1465,13.5225],[103.1495,13.5289],[103.1419,13.5385],[103.1447,13.5417],[103.1345,13.5421],[103.1193,13.5679],[103.0837,13.5737],[103.0739,13.5689],[102.9843,13.5643],[102.9869,13.5523],[102.9401,13.5481],[102.9047,13.5329],[102.8851,13.5133],[102.8749,13.4933],[102.8581,13.4947],[102.8513,13.4933],[102.8467,13.4857],[102.8301,13.4857],[102.8229,13.4761],[102.7401,13.4441],[102.7281,13.4485],[102.6961,13.4795],[102.6869,13.4795],[102.6881,13.3809],[102.7157,13.3997],[102.7457,13.4117],[102.8493,13.3827],[102.8601,13.3879],[102.9215,13.3655],[102.9843,13.3611],[102.9881,13.3789],[103.0011,13.3757],[103.0201,13.3935],[103.0355,13.3975],[103.0441,13.3919],[103.0557,13.3923],[103.0905,13.3985],[103.0981,13.4063],[103.1053,13.4047],[103.1129,13.4107],[103.1467,13.4119],[103.1565,13.4035],[103.1741,13.4111],[103.1953,13.3957],[103.2169,13.3873],[103.2487,13.3845],[103.2575,13.3879],[103.2557,13.3911],[103.2627,13.3971],[103.2507,13.3971],[103.2579,13.4027],[103.2515,13.4117],[103.2453,13.4047],[103.2393,13.4165],[103.2513,13.4179],[103.2467,13.4243],[103.2509,13.4253],[103.2521,13.4327],[103.2599,13.4337],[103.2589,13.4489],[103.2509,13.4499],[103.2451,13.4569],[103.2265,13.4527],[103.2293,13.4561],[103.2211,13.4573],[103.2203,13.4643],[103.2173,13.4595],[103.2153,13.4635],[103.2079,13.4621],[103.2075,13.4715],[103.1963,13.4671],[103.1893,13.4765],[103.1593,13.4867],[103.1593,13.4937],[103.1503,13.4989],[103.1489,13.5191],[103.1425,13.5249]]]}},{"type":"Feature","properties":{"c":"0206","en":"Moung Ruessei","km":"មោងឫស្សី"},"geometry":{"type":"Polygon","coordinates":[[[103.7429,13.0417],[103.7363,13.0501],[103.7395,13.0513],[103.7263,13.0599],[103.7115,13.0807],[103.7057,13.1011],[103.6839,13.0729],[103.6771,13.0315],[103.6583,13.0333],[103.6521,13.0267],[103.6459,13.0273],[103.6335,13.0069],[103.6235,13.0069],[103.6155,12.9995],[103.5881,13.0023],[103.5729,12.9963],[103.5073,12.9929],[103.4109,12.9391],[103.3055,12.9089],[103.3277,12.8771],[103.3165,12.8389],[103.3559,12.8061],[103.3489,12.7719],[103.3347,12.7583],[103.3235,12.7357],[103.3195,12.6931],[103.3135,12.6887],[103.3049,12.6599],[103.3053,12.6047],[103.3575,12.6843],[103.4181,12.6863],[103.4371,12.6713],[103.4257,12.6353],[103.4261,12.6017],[103.4355,12.6079],[103.4439,12.6243],[103.4615,12.6299],[103.4807,12.6489],[103.6399,12.6047],[103.6355,12.6195],[103.6387,12.6331],[103.6485,12.6395],[103.6451,12.6633],[103.6193,12.6771],[103.6355,12.6999],[103.6307,12.7149],[103.6237,12.7211],[103.6199,12.7663],[103.6231,12.7777],[103.6331,12.7861],[103.6445,12.8163],[103.6323,12.8231],[103.6299,12.8325],[103.6333,12.8451],[103.6435,12.8545],[103.6685,12.8635],[103.6915,12.8657],[103.6965,12.8747],[103.7011,12.9149],[103.7123,12.9263],[103.7321,12.9327],[103.7293,12.9481],[103.7189,12.9577],[103.7189,12.9741],[103.7305,12.9843],[103.7409,13.0073],[103.7693,13.0163],[103.7721,13.0263],[103.7615,13.0367],[103.7429,13.0417]]]}},{"type":"Feature","properties":{"c":"0807","en":"Mukh Kampul","km":"មុខកំពូល"},"geometry":{"type":"Polygon","coordinates":[[[105.0041,11.8589],[104.9871,11.8819],[104.9641,11.8569],[104.9557,11.8747],[104.9395,11.8343],[104.9323,11.8311],[104.9181,11.8093],[104.9035,11.8091],[104.8907,11.8223],[104.8841,11.8237],[104.8779,11.8189],[104.8881,11.7977],[104.8759,11.7697],[104.8813,11.7477],[104.8683,11.7423],[104.8605,11.7187],[104.8631,11.6823],[104.8565,11.6771],[104.8613,11.6685],[104.8627,11.6727],[104.8977,11.6723],[104.9005,11.6915],[104.9161,11.7169],[104.9189,11.7365],[104.9443,11.7349],[104.9603,11.7117],[104.9677,11.7109],[105.0077,11.7571],[105.0155,11.7675],[105.0165,11.7845],[105.0051,11.7969],[104.9843,11.8027],[104.9789,11.8123],[104.9923,11.8335],[105.0225,11.8523],[105.0055,11.8545],[105.0041,11.8589]]]}},{"type":"Feature","properties":{"c":"0505","en":"Odongk","km":"ឧដុង្គ"},"geometry":{"type":"Polygon","coordinates":[[[104.7511,11.8155],[104.7517,11.8213],[104.7393,11.8285],[104.7261,11.8237],[104.7223,11.8149],[104.7075,11.8101],[104.6895,11.8143],[104.6727,11.8051],[104.6523,11.8107],[104.6249,11.8063],[104.6181,11.7925],[104.6231,11.7457],[104.6133,11.7255],[104.5957,11.7149],[104.5931,11.7201],[104.5759,11.7219],[104.5649,11.7117],[104.5047,11.7055],[104.5001,11.6291],[104.4909,11.6295],[104.4837,11.6241],[104.4683,11.5977],[104.4515,11.5989],[104.4295,11.5873],[104.4191,11.5699],[104.4451,11.5547],[104.4573,11.5635],[104.4673,11.5645],[104.4797,11.5817],[104.4881,11.5847],[104.4959,11.5821],[104.4993,11.5679],[104.5103,11.5683],[104.5247,11.5579],[104.5449,11.5555],[104.5645,11.5707],[104.5751,11.5707],[104.5919,11.5557],[104.6213,11.5525],[104.6787,11.5607],[104.6781,11.6015],[104.6877,11.6455],[104.6983,11.6779],[104.7309,11.7419],[104.7511,11.8005],[104.7511,11.8155]]]}},{"type":"Feature","properties":{"c":"0105","en":"Ou Chrov","km":"អូរជ្រៅ"},"geometry":{"type":"Polygon","coordinates":[[[102.7483,13.8233],[102.7417,13.8235],[102.7233,13.7933],[102.7313,13.7859],[102.7321,13.7757],[102.7165,13.7741],[102.6887,13.7521],[102.6557,13.7375],[102.6565,13.7229],[102.7121,13.7235],[102.7127,13.6963],[102.7229,13.6959],[102.7259,13.6747],[102.7455,13.6555],[102.7471,13.6291],[102.7573,13.6195],[102.7543,13.5997],[102.7291,13.5971],[102.7209,13.5879],[102.7229,13.5775],[102.7173,13.5695],[102.7261,13.5633],[102.7407,13.5293],[102.7613,13.5161],[102.7621,13.5075],[102.7757,13.4987],[102.8003,13.4909],[102.8105,13.4991],[102.8171,13.4987],[102.8301,13.4857],[102.8467,13.4857],[102.8513,13.4933],[102.8581,13.4947],[102.8749,13.4933],[102.8833,13.5087],[102.8775,13.5159],[102.8781,13.5351],[102.8695,13.5443],[102.8707,13.5981],[102.8859,13.6111],[102.9215,13.6075],[102.9275,13.6169],[102.9283,13.6353],[102.9147,13.6503],[102.9135,13.7407],[102.8691,13.7407],[102.8439,13.7519],[102.7487,13.7687],[102.7483,13.8233]]]}},{"type":"Feature","properties":{"c":"1606","en":"Ou Chum","km":"អូរជុំ"},"geometry":{"type":"Polygon","coordinates":[[[107.0663,13.9735],[107.0003,13.9629],[106.9905,13.9381],[106.9651,13.9027],[106.9483,13.8855],[106.9337,13.8911],[106.9261,13.8781],[106.9049,13.8605],[106.9105,13.8363],[106.9205,13.8233],[106.9211,13.8107],[106.8983,13.8023],[106.8915,13.7953],[106.8845,13.7977],[106.8671,13.7831],[106.9119,13.7679],[106.8969,13.7425],[106.9139,13.7265],[106.9327,13.7245],[106.9435,13.7183],[106.9431,13.7313],[106.9575,13.7435],[106.9843,13.7557],[107.0137,13.7623],[107.0407,13.7631],[107.0497,13.7469],[107.0721,13.7455],[107.0849,13.7375],[107.1153,13.7487],[107.1185,13.7599],[107.1243,13.7577],[107.1391,13.7641],[107.1371,13.7827],[107.1493,13.7843],[107.1719,13.8259],[107.1705,13.8291],[107.1603,13.8269],[107.1587,13.8309],[107.1625,13.8605],[107.1551,13.8739],[107.1557,13.8889],[107.1513,13.8921],[107.1667,13.9145],[107.1579,13.9259],[107.1139,13.9379],[107.0801,13.9409],[107.0729,13.9501],[107.0663,13.9735]]]}},{"type":"Feature","properties":{"c":"1103","en":"Ou Reang","km":"អូររាំង"},"geometry":{"type":"Polygon","coordinates":[[[107.3437,12.5237],[107.2837,12.5213],[107.2775,12.4981],[107.2813,12.4929],[107.2815,12.4637],[107.2559,12.4353],[107.2485,12.4123],[107.2373,12.4029],[107.2347,12.3909],[107.1971,12.3779],[107.1953,12.3701],[107.1803,12.3733],[107.1789,12.3845],[107.1505,12.3901],[107.1483,12.3979],[107.1295,12.4157],[107.1039,12.4195],[107.0883,12.4275],[107.0819,12.4249],[107.0765,12.4431],[107.0607,12.4471],[107.0565,12.4603],[107.0537,12.4555],[107.0411,12.4581],[107.0385,12.4547],[107.0387,12.4337],[107.0249,12.4407],[106.9799,12.4391],[106.9649,12.4303],[106.9327,12.4267],[106.9291,12.4301],[106.9131,12.4205],[106.8961,12.4261],[106.8961,12.4323],[106.8889,12.4259],[106.8747,12.4379],[106.8405,12.4525],[106.8333,12.4647],[106.8229,12.4641],[106.8179,12.4531],[106.8179,12.3525],[106.8349,12.3565],[106.8535,12.3529],[106.8583,12.3435],[106.8669,12.3517],[106.8821,12.3483],[106.8857,12.3529],[106.8897,12.3507],[106.9487,12.3689],[106.9519,12.3555],[106.9465,12.3415],[106.9535,12.3323],[106.9533,12.3205],[106.9623,12.3073],[106.9901,12.2867],[106.9991,12.2875],[107.0095,12.2661],[107.0019,12.2415],[107.0063,12.2205],[107.0137,12.2065],[107.0193,12.2043],[107.0151,12.1851],[107.0355,12.1819],[107.0351,12.1645],[107.0403,12.1561],[107.0341,12.1445],[107.0379,12.1311],[107.0487,12.1361],[107.0605,12.1613],[107.0631,12.1587],[107.0783,12.1641],[107.0799,12.1683],[107.0701,12.1779],[107.0745,12.1879],[107.0917,12.1813],[107.1007,12.2059],[107.1127,12.2189],[107.1383,12.2303],[107.1383,12.2439],[107.1449,12.2507],[107.1535,12.2763],[107.1835,12.2841],[107.1931,12.2955],[107.2015,12.2981],[107.2307,12.2963],[107.2701,12.3253],[107.2831,12.3225],[107.3089,12.3323],[107.3129,12.3227],[107.3207,12.3225],[107.3457,12.3337],[107.3755,12.3051],[107.3887,12.2851],[107.3875,12.2711],[107.3991,12.2565],[107.4185,12.2435],[107.4309,12.2463],[107.4421,12.2655],[107.4399,12.2751],[107.4459,12.2903],[107.4639,12.2987],[107.4693,12.3113],[107.5123,12.3297],[107.5285,12.3459],[107.5419,12.3503],[107.5465,12.3687],[107.5445,12.3735],[107.4573,12.3749],[107.4055,12.4165],[107.3989,12.4267],[107.3967,12.4523],[107.3909,12.4537],[107.3895,12.4727],[107.3935,12.4801],[107.3833,12.5019],[107.3895,12.5115],[107.3827,12.5247],[107.3437,12.5237]]]}},{"type":"Feature","properties":{"c":"2504","en":"Ou Reang Ov","km":"អូររាំងឪ"},"geometry":{"type":"Polygon","coordinates":[[[105.5351,11.8985],[105.5209,11.9021],[105.5113,11.9129],[105.5035,11.9147],[105.4747,11.8981],[105.4669,11.9009],[105.4535,11.8903],[105.4469,11.8363],[105.4187,11.8277],[105.4127,11.8179],[105.4153,11.8023],[105.4075,11.7941],[105.4125,11.7927],[105.4189,11.7725],[105.4423,11.7557],[105.4607,11.7651],[105.4951,11.7637],[105.5491,11.7503],[105.5751,11.7511],[105.5947,11.7453],[105.6647,11.7397],[105.6643,11.7767],[105.6821,11.7881],[105.6693,11.8211],[105.6503,11.8313],[105.6271,11.8295],[105.6013,11.8351],[105.5807,11.8295],[105.5771,11.8703],[105.5709,11.8781],[105.5613,11.8783],[105.5351,11.8985]]]}},{"type":"Feature","properties":{"c":"1607","en":"Ou Ya Dav","km":"អូរយ៉ាដាវ"},"geometry":{"type":"Polygon","coordinates":[[[107.4133,13.7889],[107.3885,13.8075],[107.3635,13.8117],[107.3593,13.8187],[107.3619,13.8387],[107.3279,13.8197],[107.3219,13.8129],[107.3243,13.7797],[107.3059,13.7739],[107.3007,13.7555],[107.2895,13.7527],[107.2825,13.7245],[107.2689,13.7161],[107.2715,13.7061],[107.2639,13.6983],[107.2687,13.6745],[107.2673,13.6021],[107.2933,13.5669],[107.2853,13.5441],[107.2995,13.5283],[107.3081,13.4669],[107.3161,13.4583],[107.3141,13.4507],[107.3293,13.4425],[107.3393,13.4453],[107.3453,13.4349],[107.3425,13.4281],[107.3485,13.4199],[107.3555,13.4187],[107.3623,13.4051],[107.3605,13.3925],[107.3757,13.3845],[107.3719,13.3773],[107.3757,13.3569],[107.3647,13.3423],[107.3579,13.3457],[107.3619,13.3343],[107.3503,13.3355],[107.3385,13.3161],[107.3703,13.2771],[107.3895,13.2805],[107.3957,13.2881],[107.4053,13.2867],[107.4029,13.2971],[107.4383,13.3121],[107.4445,13.3193],[107.4553,13.3191],[107.4579,13.3309],[107.4673,13.3345],[107.4969,13.2973],[107.5073,13.3025],[107.5167,13.2957],[107.5329,13.2997],[107.5649,13.2839],[107.5811,13.2953],[107.5845,13.3049],[107.6029,13.3025],[107.6275,13.3659],[107.6169,13.5259],[107.5727,13.6247],[107.5707,13.6627],[107.5523,13.6945],[107.5353,13.7423],[107.4949,13.7719],[107.4707,13.7791],[107.4519,13.7945],[107.4169,13.7863],[107.4133,13.7889]]]}},{"type":"Feature","properties":{"c":"2401","en":"Pailin","km":"ក្រុងប៉ៃលិន"},"geometry":{"type":"Polygon","coordinates":[[[102.7521,12.8923],[102.5069,12.8909],[102.5069,12.8663],[102.5007,12.8635],[102.4989,12.8559],[102.5141,12.8417],[102.5157,12.8231],[102.5311,12.8137],[102.5283,12.7975],[102.5357,12.7845],[102.5315,12.7667],[102.5197,12.7539],[102.5081,12.7523],[102.5003,12.7405],[102.5033,12.7131],[102.4979,12.7049],[102.5097,12.6899],[102.5057,12.6829],[102.5099,12.6713],[102.5195,12.6629],[102.6667,12.6899],[102.7533,12.7495],[102.7521,12.8923]]]}},{"type":"Feature","properties":{"c":"0110","en":"Paoy Paet","km":"ក្រុងប៉ោយប៉ែត"},"geometry":{"type":"Polygon","coordinates":[[[102.6557,13.7375],[102.5815,13.7007],[102.5631,13.6839],[102.5489,13.6597],[102.5681,13.6447],[102.5775,13.6297],[102.6215,13.6129],[102.6297,13.6045],[102.6313,13.5609],[102.6631,13.5685],[102.6669,13.5621],[102.6899,13.5627],[102.7085,13.5755],[102.7173,13.5695],[102.7229,13.5775],[102.7209,13.5879],[102.7291,13.5971],[102.7543,13.5997],[102.7573,13.6195],[102.7471,13.6291],[102.7455,13.6555],[102.7259,13.6747],[102.7229,13.6959],[102.7127,13.6963],[102.7121,13.7235],[102.6565,13.7229],[102.6557,13.7375]]]}},{"type":"Feature","properties":{"c":"1408","en":"Pea Reang","km":"ពារាំង"},"geometry":{"type":"Polygon","coordinates":[[[105.2331,11.7997],[105.1967,11.7831],[105.1821,11.7683],[105.1571,11.7597],[105.1645,11.7467],[105.1559,11.7283],[105.1569,11.7087],[105.1287,11.6931],[105.1281,11.6761],[105.1211,11.6673],[105.1323,11.6531],[105.1117,11.6411],[105.1135,11.6339],[105.1035,11.6249],[105.1119,11.6127],[105.1175,11.5769],[105.1131,11.5719],[105.1203,11.5587],[105.1671,11.5853],[105.1817,11.5865],[105.1849,11.6025],[105.1987,11.6157],[105.2123,11.5983],[105.2457,11.6149],[105.2537,11.5899],[105.2857,11.5899],[105.2911,11.5617],[105.3043,11.5675],[105.3189,11.6059],[105.3269,11.5951],[105.3399,11.5889],[105.3761,11.6089],[105.3759,11.6199],[105.3817,11.6299],[105.3799,11.6511],[105.3929,11.6731],[105.4047,11.6803],[105.3309,11.7105],[105.3265,11.7281],[105.2711,11.7559],[105.2541,11.7809],[105.2345,11.7917],[105.2331,11.7997]]]}},{"type":"Feature","properties":{"c":"1406","en":"Peam Chor","km":"ពាមជរ"},"geometry":{"type":"Polygon","coordinates":[[[105.3085,11.1153],[105.3033,11.1487],[105.3153,11.1617],[105.3119,11.1737],[105.2971,11.1859],[105.3033,11.2025],[105.3023,11.2159],[105.2725,11.2273],[105.2611,11.2013],[105.2461,11.1879],[105.2455,11.1625],[105.2339,11.1297],[105.1943,11.0865],[105.1969,11.0271],[105.1839,10.9519],[105.1895,10.9135],[105.2383,10.8931],[105.2655,10.8957],[105.3373,10.8607],[105.3401,10.8673],[105.3587,10.8797],[105.3607,10.8869],[105.3679,10.8877],[105.3753,10.9037],[105.3725,10.9127],[105.3567,10.9411],[105.3441,10.9489],[105.3399,10.9731],[105.3299,10.9847],[105.3285,11.0051],[105.3205,11.0247],[105.2925,11.0621],[105.2889,11.0795],[105.2467,11.0735],[105.2639,11.0921],[105.2607,11.1085],[105.2711,11.1045],[105.2815,11.1133],[105.2917,11.1087],[105.3085,11.1153]]]}},{"type":"Feature","properties":{"c":"1407","en":"Peam Ro","km":"ពាមរក៍"},"geometry":{"type":"Polygon","coordinates":[[[105.3169,11.4521],[105.2991,11.4317],[105.3073,11.4285],[105.3099,11.4225],[105.3047,11.4183],[105.3095,11.4097],[105.2987,11.4091],[105.2927,11.4197],[105.2715,11.3995],[105.2557,11.3915],[105.2597,11.3545],[105.2741,11.3213],[105.2809,11.2685],[105.2811,11.2537],[105.2725,11.2273],[105.3023,11.2159],[105.3143,11.2201],[105.3175,11.2269],[105.3145,11.2363],[105.3265,11.2555],[105.3173,11.2657],[105.3157,11.2779],[105.3361,11.2957],[105.3269,11.3429],[105.3579,11.3425],[105.3557,11.3615],[105.3819,11.3769],[105.3819,11.4045],[105.3911,11.4229],[105.3907,11.4281],[105.3655,11.4417],[105.3169,11.4521]]]}},{"type":"Feature","properties":{"c":"1104","en":"Pech Chreada","km":"ពេជ្រាដា"},"geometry":{"type":"Polygon","coordinates":[[[106.6237,12.9009],[106.6167,12.9151],[106.6131,12.9111],[106.6093,12.8557],[106.5937,12.8323],[106.5415,12.7873],[106.5035,12.7791],[106.4817,12.7573],[106.4921,12.7575],[106.5081,12.7459],[106.5599,12.7227],[106.5931,12.6813],[106.6301,12.6647],[106.6501,12.6447],[106.7011,12.6325],[106.7053,12.6435],[106.7169,12.6443],[106.7247,12.6555],[106.7395,12.6603],[106.7459,12.6497],[106.7573,12.6461],[106.7627,12.6359],[106.8017,12.6393],[106.8119,12.6467],[106.8291,12.6319],[106.8529,12.6257],[106.8645,12.6361],[106.8837,12.6389],[106.9035,12.6121],[106.9535,12.5955],[107.0041,12.5599],[107.0433,12.5469],[107.0501,12.5689],[107.0625,12.5669],[107.1019,12.5733],[107.1253,12.5881],[107.1313,12.5975],[107.1303,12.6193],[107.1423,12.6195],[107.1573,12.6275],[107.1679,12.6245],[107.1761,12.6353],[107.1879,12.6309],[107.2101,12.6481],[107.2317,12.5967],[107.2487,12.5891],[107.2541,12.5775],[107.2863,12.5799],[107.2885,12.5749],[107.2813,12.5613],[107.2837,12.5213],[107.3263,12.5259],[107.3827,12.5247],[107.3895,12.5115],[107.3833,12.5019],[107.3935,12.4801],[107.3895,12.4727],[107.3909,12.4537],[107.3967,12.4523],[107.3989,12.4267],[107.4055,12.4165],[107.4573,12.3749],[107.5445,12.3735],[107.5539,12.3791],[107.5445,12.3987],[107.5447,12.4165],[107.5511,12.4211],[107.5653,12.4499],[107.5657,12.4703],[107.5757,12.4789],[107.5797,12.4953],[107.5695,12.5045],[107.5631,12.5225],[107.5761,12.5335],[107.5763,12.5413],[107.5895,12.5583],[107.5801,12.5787],[107.5853,12.5987],[107.5835,12.6135],[107.5727,12.6285],[107.5697,12.6431],[107.5735,12.6509],[107.5695,12.6579],[107.5715,12.6667],[107.5811,12.6807],[107.5593,12.7127],[107.5673,12.7325],[107.5603,12.7485],[107.5621,12.7919],[107.5539,12.8051],[107.5539,12.8173],[107.5395,12.8359],[107.5267,12.8411],[107.5225,12.8527],[107.5119,12.8583],[107.5119,12.8685],[107.4985,12.8805],[107.4931,12.8947],[107.4963,12.9033],[107.4911,12.9091],[107.4703,12.9061],[107.4553,12.8841],[107.4297,12.8705],[107.4015,12.8633],[107.3937,12.8755],[107.3585,12.8687],[107.3129,12.8843],[107.2809,12.8741],[107.2685,12.8769],[107.2363,12.8729],[107.2149,12.8907],[107.1981,12.8955],[107.1941,12.9071],[107.1851,12.9097],[107.0427,12.8365],[107.0299,12.8403],[107.0197,12.8575],[106.9911,12.8849],[106.9887,12.9013],[106.9589,12.9129],[106.9299,12.9033],[106.8993,12.9031],[106.8797,12.8941],[106.8535,12.8937],[106.8095,12.8845],[106.7279,12.8889],[106.6923,12.8817],[106.6757,12.8901],[106.6453,12.8931],[106.6237,12.9009]]]}},{"type":"Feature","properties":{"c":"1504","en":"Phnum Kravanh","km":"ភ្នំក្រវ៉ាញ"},"geometry":{"type":"Polygon","coordinates":[[[103.7965,12.4595],[103.7971,12.4671],[103.8041,12.4733],[103.7905,12.4843],[103.7903,12.4925],[103.7379,12.5171],[103.7339,12.4899],[103.6999,12.4755],[103.6901,12.4645],[103.6891,12.4447],[103.6811,12.4351],[103.6677,12.4249],[103.5677,12.3803],[103.5261,12.4257],[103.4847,12.4915],[103.4727,12.4995],[103.4675,12.4925],[103.4787,12.4659],[103.4685,12.4503],[103.4827,12.4307],[103.4901,12.4277],[103.4937,12.4147],[103.4839,12.3897],[103.4925,12.3589],[103.5095,12.3303],[103.5123,12.3025],[103.5319,12.2907],[103.5259,12.2831],[103.5291,12.2815],[103.5297,12.2465],[103.5195,12.2351],[103.5233,12.2329],[103.5221,12.2193],[103.5179,12.2195],[103.5147,12.2123],[103.5187,12.2067],[103.5103,12.1739],[103.5155,12.1579],[103.5005,12.1315],[103.5097,12.1175],[103.5087,12.1059],[103.5379,12.0949],[103.5385,12.0835],[103.5669,12.0667],[103.5727,12.0569],[103.5841,12.0531],[103.6067,12.0235],[103.6329,12.0143],[103.6361,12.0029],[103.6289,11.9955],[103.6381,11.9853],[103.6499,11.9835],[103.6553,11.9755],[103.6765,11.9657],[103.6955,11.9643],[103.7003,11.9479],[103.6957,11.9411],[103.7115,11.9309],[103.7225,11.9281],[103.7427,11.9393],[103.7621,11.9255],[103.7725,11.9333],[103.7875,11.9321],[103.8309,11.8799],[103.8405,11.8575],[103.8599,11.8433],[103.8747,11.8493],[103.8733,11.8607],[103.8923,11.8849],[103.9139,11.8909],[103.9213,11.8987],[103.9165,11.9117],[103.9179,11.9307],[103.9351,11.9357],[103.9429,11.9437],[103.9737,11.9359],[103.9917,11.9029],[104.0197,11.9013],[104.0435,11.9215],[104.0621,11.9235],[104.0505,11.9557],[104.0579,11.9685],[104.0729,11.9689],[104.0779,11.9847],[104.0871,11.9817],[104.0971,12.0207],[104.0951,12.0387],[104.1025,12.0377],[104.1141,12.0471],[104.1391,12.0427],[104.1493,12.0507],[104.1649,12.0481],[104.1801,12.0377],[104.1831,12.0559],[104.2001,12.0805],[104.1969,12.0951],[104.1861,12.1059],[104.1845,12.1637],[104.1711,12.1797],[104.1763,12.1947],[104.1593,12.2011],[104.0751,12.2655],[104.0573,12.3019],[104.0423,12.3035],[104.0387,12.3099],[104.0271,12.3127],[104.0293,12.3411],[104.0135,12.3523],[104.0065,12.3781],[103.9969,12.3889],[103.9751,12.3545],[103.9641,12.3535],[103.9507,12.3983],[103.9431,12.4069],[103.9351,12.4095],[103.9065,12.3827],[103.8935,12.3807],[103.8901,12.3883],[103.8731,12.3959],[103.8679,12.4143],[103.8527,12.4395],[103.8437,12.4455],[103.8417,12.4423],[103.8317,12.4449],[103.8073,12.4613],[103.7965,12.4595]]]}},{"type":"Feature","properties":{"c":"0211","en":"Phnum Proek","km":"ភ្នំព្រឹក"},"geometry":{"type":"Polygon","coordinates":[[[102.3925,13.3861],[102.3549,13.3867],[102.3453,13.3463],[102.3519,13.3403],[102.3593,13.3153],[102.3501,13.2907],[102.3499,13.2775],[102.3671,13.2617],[102.3703,13.2395],[102.3859,13.2179],[102.3933,13.1975],[102.6895,13.1993],[102.6879,13.3619],[102.3927,13.3589],[102.3925,13.3861]]]}},{"type":"Feature","properties":{"c":"0103","en":"Phnum Srok","km":"ភ្នំស្រុក"},"geometry":{"type":"MultiPolygon","coordinates":[[[[103.4251,13.7363],[103.4287,13.7363],[103.4257,13.7331],[103.4225,13.7337],[103.4251,13.7363]]],[[[103.4277,13.7249],[103.4209,13.7229],[103.4217,13.7087],[103.4393,13.6903],[103.4329,13.6819],[103.4135,13.6721],[103.4061,13.6593],[103.3083,13.6783],[103.2997,13.6609],[103.2635,13.6805],[103.2795,13.7129],[103.1583,13.7491],[103.1797,13.7765],[103.1831,13.8255],[103.2325,13.8491],[103.2147,13.8821],[103.2037,13.9333],[103.2073,13.9449],[103.2189,13.9501],[103.2645,13.9551],[103.3285,14.0257],[103.3869,13.9351],[103.4407,13.9163],[103.4369,13.9041],[103.4423,13.8989],[103.4353,13.8917],[103.4331,13.8795],[103.4259,13.8773],[103.4307,13.8669],[103.4275,13.8583],[103.4217,13.8563],[103.4233,13.8345],[103.4319,13.8245],[103.4299,13.8205],[103.4409,13.8183],[103.4309,13.8021],[103.4221,13.7969],[103.4275,13.7971],[103.4229,13.7891],[103.4245,13.7791],[103.4101,13.7761],[103.4239,13.7657],[103.4243,13.7547],[103.4301,13.7535],[103.4217,13.7465],[103.4195,13.7369],[103.4277,13.7249]]]]}},{"type":"Feature","properties":{"c":"0506","en":"Phnum Sruoch","km":"ភ្នំស្រួច"},"geometry":{"type":"Polygon","coordinates":[[[104.2587,11.5133],[104.2571,11.5283],[104.2475,11.5297],[104.2413,11.5201],[104.2145,11.5053],[104.1941,11.4801],[104.1573,11.4963],[104.1383,11.4983],[104.1171,11.5103],[104.1087,11.5103],[104.1011,11.5037],[104.0789,11.5081],[104.0543,11.4951],[104.0643,11.4575],[104.0489,11.4489],[104.0419,11.4359],[104.0455,11.4121],[104.0533,11.4005],[104.0511,11.3833],[104.0611,11.3699],[104.0601,11.3537],[104.0485,11.3515],[104.0407,11.3321],[104.0515,11.2715],[104.0271,11.2297],[104.0217,11.2051],[104.0393,11.2081],[104.0433,11.1881],[104.0373,11.1799],[104.0521,11.1711],[104.0835,11.1709],[104.1571,11.1493],[104.1861,11.1083],[104.2159,11.0941],[104.2463,11.0929],[104.2931,11.1045],[104.3083,11.1037],[104.3427,11.1397],[104.3679,11.1329],[104.3885,11.1379],[104.3969,11.1477],[104.3879,11.1537],[104.3829,11.1689],[104.3883,11.2037],[104.4071,11.2269],[104.4351,11.2493],[104.4649,11.3135],[104.4581,11.3287],[104.4379,11.3413],[104.4407,11.4357],[104.4277,11.4461],[104.4029,11.4521],[104.3857,11.4447],[104.3733,11.4465],[104.3687,11.4573],[104.3575,11.4629],[104.3475,11.4601],[104.3077,11.4819],[104.2847,11.5133],[104.2587,11.5133]]]}},{"type":"Feature","properties":{"c":"2505","en":"Ponhea Kraek","km":"ពញាក្រែក"},"geometry":{"type":"Polygon","coordinates":[[[105.8303,11.8995],[105.8037,11.8991],[105.7941,11.8895],[105.7913,11.8677],[105.7651,11.8419],[105.7611,11.8213],[105.7467,11.8099],[105.7327,11.8065],[105.7321,11.8025],[105.7045,11.8045],[105.6787,11.7983],[105.6803,11.7853],[105.6643,11.7767],[105.6647,11.7397],[105.7013,11.7425],[105.7203,11.7251],[105.7327,11.6931],[105.7559,11.6779],[105.7649,11.6639],[105.7701,11.6411],[105.7897,11.6209],[105.7957,11.6077],[105.8095,11.5995],[105.8131,11.6091],[105.8101,11.6183],[105.8291,11.6215],[105.8373,11.6465],[105.8499,11.6597],[105.8847,11.6771],[105.9255,11.6493],[105.9491,11.6411],[105.9573,11.6437],[105.9821,11.6691],[105.9781,11.6861],[106.0035,11.7049],[106.0147,11.7265],[106.0111,11.7529],[106.0265,11.7873],[106.0263,11.8169],[106.0113,11.8425],[105.9965,11.8571],[105.9599,11.8583],[105.9353,11.8783],[105.9201,11.8701],[105.9031,11.8769],[105.8891,11.8747],[105.8835,11.8633],[105.8741,11.8621],[105.8541,11.8719],[105.8403,11.8699],[105.8351,11.8805],[105.8445,11.8943],[105.8303,11.8995]]]}},{"type":"Feature","properties":{"c":"0809","en":"Ponhea Lueu","km":"ពញាឮ"},"geometry":{"type":"Polygon","coordinates":[[[104.8251,11.8829],[104.8107,11.8941],[104.7873,11.8889],[104.7809,11.8813],[104.7725,11.8867],[104.7647,11.8817],[104.7713,11.8675],[104.7709,11.8539],[104.7825,11.8391],[104.7557,11.8277],[104.7393,11.8285],[104.7517,11.8213],[104.7511,11.8005],[104.7275,11.7327],[104.6957,11.6709],[104.7285,11.6891],[104.7475,11.6605],[104.7523,11.6659],[104.8133,11.6739],[104.8153,11.7039],[104.8233,11.7089],[104.8261,11.7175],[104.8399,11.7145],[104.8535,11.6793],[104.8631,11.6823],[104.8605,11.7187],[104.8683,11.7423],[104.8813,11.7477],[104.8753,11.7649],[104.8877,11.8013],[104.8779,11.8189],[104.8583,11.8315],[104.8537,11.8331],[104.8463,11.8247],[104.8309,11.8267],[104.8369,11.8685],[104.8251,11.8829]]]}},{"type":"Feature","properties":{"c":"1211","en":"Praek Pnov","km":"ខណ្ឌព្រែកព្នៅ"},"geometry":{"type":"Polygon","coordinates":[[[104.8301,11.7159],[104.8261,11.7175],[104.8233,11.7089],[104.8153,11.7039],[104.8133,11.6739],[104.7493,11.6645],[104.7321,11.5927],[104.7355,11.5821],[104.7425,11.5895],[104.7727,11.5949],[104.7855,11.6101],[104.7977,11.6027],[104.8017,11.5861],[104.8081,11.5809],[104.8237,11.5799],[104.8301,11.5861],[104.8335,11.6133],[104.8383,11.6201],[104.8361,11.6349],[104.8689,11.6583],[104.8455,11.6917],[104.8399,11.7145],[104.8301,11.7159]]]}},{"type":"Feature","properties":{"c":"1203","en":"Prampir Meakkakra","km":"ខណ្ឌ៧មករា"},"geometry":{"type":"Polygon","coordinates":[[[104.9181,11.5669],[104.9189,11.5719],[104.9059,11.5705],[104.9101,11.5551],[104.9217,11.5591],[104.9181,11.5669]]]}},{"type":"Feature","properties":{"c":"1709","en":"Prasat Bakong","km":"ប្រាសាទបាគង"},"geometry":{"type":"Polygon","coordinates":[[[104.0447,13.4471],[104.0355,13.4479],[104.0299,13.4337],[104.0153,13.4237],[103.9899,13.4231],[103.9863,13.3817],[103.9691,13.3695],[103.9605,13.3659],[103.9073,13.3659],[103.9067,13.3613],[103.9071,13.2115],[103.9349,13.2111],[103.9699,13.1949],[103.9869,13.1931],[104.0275,13.1651],[104.0271,13.2535],[104.0411,13.2775],[104.0643,13.2875],[104.0765,13.3035],[104.0755,13.3193],[104.0611,13.3265],[104.0623,13.3699],[104.0539,13.3777],[104.0535,13.4471],[104.0447,13.4471]]]}},{"type":"Feature","properties":{"c":"0604","en":"Prasat Ballangk","km":"ប្រាសាទបល្ល័ង្គ"},"geometry":{"type":"Polygon","coordinates":[[[104.7639,13.3123],[104.7431,13.3135],[104.7257,13.3049],[104.7087,13.3057],[104.6733,13.2821],[104.6671,13.2275],[104.6703,13.2051],[104.6779,13.1973],[104.7007,13.1927],[104.7049,13.1799],[104.6985,13.1657],[104.6321,13.1087],[104.6195,13.0625],[104.6609,13.0601],[104.6567,13.0311],[104.6303,13.0151],[104.6335,13.0011],[104.6513,12.9801],[104.6629,12.9561],[104.6787,12.9659],[104.6889,12.9615],[104.6989,12.9649],[104.7073,12.9771],[104.7151,12.9839],[104.7187,12.9803],[104.7269,12.9897],[104.7439,12.9833],[104.7607,12.9539],[104.8635,12.9503],[104.8873,12.9067],[104.8691,12.8733],[104.9337,12.8469],[104.9445,12.8357],[104.9505,12.8559],[104.9573,12.8633],[104.9739,12.8667],[104.9941,12.8629],[105.0131,12.8701],[105.0107,12.8793],[105.0149,12.8921],[105.0329,12.9107],[105.0313,12.9609],[105.0373,12.9913],[105.0517,13.0191],[105.0615,13.0229],[105.0785,13.0179],[105.0743,13.0287],[105.0703,13.1205],[104.9771,13.0563],[104.9539,13.0581],[104.9075,13.1085],[104.9043,13.1221],[104.8879,13.1413],[104.8887,13.1573],[104.8775,13.1689],[104.8753,13.2189],[104.8833,13.2287],[104.8817,13.2369],[104.8919,13.2497],[104.9043,13.2849],[104.8949,13.3053],[104.8863,13.3101],[104.8551,13.3065],[104.8353,13.3093],[104.7763,13.3023],[104.7639,13.3123]]]}},{"type":"Feature","properties":{"c":"0605","en":"Prasat Sambour","km":"ប្រាសាទសំបូរ"},"geometry":{"type":"Polygon","coordinates":[[[105.0225,12.7675],[105.0233,12.7715],[105.0237,12.7585],[105.0297,12.7503],[105.0325,12.7039],[105.0715,12.7259],[105.1087,12.7577],[105.2569,12.7549],[105.2721,12.7637],[105.2773,12.7725],[105.2905,12.7737],[105.2979,12.7891],[105.2921,12.8091],[105.2697,12.8357],[105.2759,12.8551],[105.2703,12.8673],[105.2781,12.8767],[105.2835,12.9043],[105.2803,12.9169],[105.2675,12.9207],[105.2735,12.9367],[105.2671,12.9609],[105.2513,12.9661],[105.2187,12.9633],[105.2045,12.9567],[105.1995,12.9475],[105.1809,12.9417],[105.1797,12.9271],[105.1713,12.9413],[105.1805,12.9561],[105.1769,12.9637],[105.1649,12.9719],[105.1589,12.9905],[105.1477,12.9953],[105.1315,13.0149],[105.1213,13.0187],[105.0707,13.0179],[105.0615,13.0229],[105.0517,13.0191],[105.0373,12.9913],[105.0319,12.9659],[105.0329,12.9107],[105.0149,12.8921],[105.0107,12.8793],[105.0133,12.8667],[104.9999,12.8461],[105.0141,12.8267],[105.0215,12.7917],[105.0283,12.7927],[105.0239,12.7821],[105.0167,12.7825],[105.0179,12.7703],[105.0225,12.7675]]]}},{"type":"Feature","properties":{"c":"0104","en":"Preah Netr Preah","km":"ព្រះនេត្រព្រះ"},"geometry":{"type":"MultiPolygon","coordinates":[[[[103.1433,13.5219],[103.1425,13.5249],[103.1465,13.5225],[103.1433,13.5219]]],[[[103.1495,13.5289],[103.1419,13.5385],[103.1447,13.5417],[103.1345,13.5421],[103.1193,13.5679],[103.0837,13.5737],[103.0657,13.6267],[103.0669,13.6357],[103.0113,13.6339],[103.0079,13.6691],[103.0145,13.6853],[103.0275,13.7005],[103.0451,13.7015],[103.0451,13.7225],[103.0597,13.7351],[103.0801,13.7421],[103.1379,13.7339],[103.1583,13.7491],[103.2795,13.7129],[103.2635,13.6805],[103.2997,13.6609],[103.3083,13.6783],[103.4061,13.6593],[103.3965,13.6461],[103.4077,13.6335],[103.3973,13.6331],[103.3963,13.6257],[103.3903,13.6223],[103.3979,13.6153],[103.3953,13.6093],[103.4071,13.6117],[103.4071,13.6045],[103.4141,13.6011],[103.4129,13.5943],[103.4043,13.5915],[103.4123,13.5833],[103.4081,13.5787],[103.4163,13.5791],[103.4153,13.5743],[103.4031,13.5693],[103.4137,13.5619],[103.4103,13.5515],[103.4179,13.5431],[103.4177,13.5305],[103.4055,13.5137],[103.4121,13.5007],[103.4071,13.4949],[103.4039,13.4979],[103.4003,13.4757],[103.4139,13.4657],[103.4039,13.4535],[103.3939,13.4187],[103.4117,13.3881],[103.4141,13.3647],[103.3955,13.3585],[103.3745,13.3731],[103.3527,13.3813],[103.2535,13.3857],[103.2627,13.3971],[103.2507,13.3971],[103.2579,13.4027],[103.2515,13.4117],[103.2453,13.4047],[103.2393,13.4165],[103.2513,13.4179],[103.2467,13.4243],[103.2509,13.4253],[103.2521,13.4327],[103.2599,13.4337],[103.2589,13.4489],[103.2509,13.4499],[103.2451,13.4569],[103.2265,13.4527],[103.2293,13.4561],[103.2211,13.4573],[103.2203,13.4643],[103.2173,13.4595],[103.2153,13.4635],[103.2079,13.4621],[103.2075,13.4715],[103.1963,13.4671],[103.1893,13.4765],[103.1593,13.4867],[103.1593,13.4937],[103.1503,13.4989],[103.1529,13.5033],[103.1465,13.5225],[103.1495,13.5289]]]]}},{"type":"Feature","properties":{"c":"1409","en":"Preah Sdach","km":"ព្រះស្ដេច"},"geometry":{"type":"Polygon","coordinates":[[[105.3625,11.2207],[105.3495,11.2253],[105.3429,11.2461],[105.3265,11.2555],[105.3145,11.2363],[105.3175,11.2269],[105.3143,11.2201],[105.3035,11.2189],[105.3033,11.2025],[105.2965,11.1903],[105.2989,11.1825],[105.3119,11.1737],[105.3153,11.1617],[105.3033,11.1487],[105.3085,11.1153],[105.2917,11.1087],[105.2815,11.1133],[105.2711,11.1045],[105.2607,11.1085],[105.2639,11.0921],[105.2467,11.0735],[105.2889,11.0795],[105.2925,11.0621],[105.3205,11.0247],[105.3285,11.0051],[105.3299,10.9847],[105.3399,10.9731],[105.3441,10.9489],[105.3567,10.9411],[105.3753,10.9037],[105.3795,10.9027],[105.3847,10.9163],[105.3977,10.9285],[105.4071,10.9309],[105.4335,10.9875],[105.4527,11.0073],[105.4523,11.0323],[105.4669,11.1075],[105.4573,11.1483],[105.4603,11.1733],[105.3955,11.2063],[105.3763,11.2213],[105.3625,11.2207]]]}},{"type":"Feature","properties":{"c":"1801","en":"Preah Sihanouk","km":"ក្រុងព្រះសីហនុ"},"geometry":{"type":"MultiPolygon","coordinates":[[[[103.3039,10.6045],[103.3039,10.5969],[103.3105,10.5923],[103.3051,10.5833],[103.3219,10.5719],[103.3313,10.5885],[103.3393,10.5753],[103.3267,10.5629],[103.3243,10.5435],[103.3193,10.5427],[103.3113,10.5453],[103.3121,10.5539],[103.3023,10.5679],[103.2953,10.5667],[103.2947,10.5773],[103.2841,10.5861],[103.2795,10.6061],[103.2929,10.6227],[103.3025,10.6171],[103.3125,10.6247],[103.3157,10.6183],[103.3231,10.6071],[103.3039,10.6045]]],[[[103.4151,10.6149],[103.4291,10.6121],[103.4255,10.6107],[103.4097,10.6105],[103.4151,10.6149]]],[[[103.5847,10.6419],[103.5871,10.6069],[103.5923,10.5987],[103.5903,10.5923],[103.5807,10.5963],[103.5649,10.5917],[103.5697,10.5793],[103.5617,10.5713],[103.5611,10.5581],[103.5297,10.6005],[103.5127,10.6103],[103.5037,10.6073],[103.4907,10.6209],[103.5007,10.6461],[103.5165,10.6505],[103.5211,10.6671],[103.5341,10.6815],[103.5399,10.6823],[103.5445,10.6953],[103.5515,10.6941],[103.5669,10.6933],[103.5677,10.6697],[103.5847,10.6419]]],[[[103.4797,10.6231],[103.4729,10.6277],[103.4747,10.6331],[103.4877,10.6285],[103.4797,10.6231]]],[[[103.3045,10.6323],[103.3025,10.6285],[103.2965,10.6281],[103.3027,10.6359],[103.3045,10.6323]]],[[[103.2533,10.7353],[103.2571,10.7265],[103.2661,10.7185],[103.2715,10.7239],[103.2869,10.7241],[103.2957,10.7105],[103.2933,10.7023],[103.3023,10.7011],[103.3091,10.7115],[103.3133,10.7105],[103.3153,10.6995],[103.2963,10.6789],[103.2927,10.6827],[103.2807,10.6791],[103.2649,10.6519],[103.2599,10.6559],[103.2561,10.6835],[103.2447,10.7051],[103.2337,10.7099],[103.2235,10.7021],[103.2105,10.7057],[103.2017,10.7169],[103.2023,10.7347],[103.1937,10.7387],[103.1879,10.7329],[103.1825,10.7365],[103.1949,10.7711],[103.2203,10.7655],[103.2287,10.7717],[103.2309,10.7797],[103.2555,10.7729],[103.2497,10.7667],[103.2569,10.7517],[103.2585,10.7413],[103.2533,10.7353]]]]}},{"type":"Feature","properties":{"c":"1308","en":"Preah Vihear","km":"ក្រុងព្រះវិហារ"},"geometry":{"type":"Polygon","coordinates":[[[104.9601,13.8407],[104.9411,13.8339],[104.9325,13.7901],[104.9131,13.7521],[104.8899,13.7317],[104.8665,13.7247],[104.9825,13.6307],[105.0119,13.6747],[105.0253,13.6815],[105.0401,13.6803],[105.0481,13.6913],[105.0717,13.7027],[105.0823,13.7185],[105.0865,13.7185],[105.0805,13.7391],[105.0613,13.7449],[105.0673,13.7485],[105.0643,13.7611],[105.0471,13.7709],[105.0585,13.7885],[105.0427,13.7941],[105.0291,13.7931],[105.0227,13.8003],[105.0107,13.8033],[104.9965,13.8387],[104.9601,13.8407]]]}},{"type":"Feature","properties":{"c":"1003","en":"Prek Prasab","km":"ព្រែកប្រសព្វ"},"geometry":{"type":"Polygon","coordinates":[[[105.7101,12.7185],[105.6925,12.7261],[105.6979,12.7101],[105.7123,12.6923],[105.7121,12.6769],[105.7227,12.6381],[105.7175,12.5953],[105.7301,12.5435],[105.7341,12.4927],[105.7673,12.4055],[105.7759,12.3427],[105.7705,12.3157],[105.7425,12.3013],[105.7453,12.2881],[105.7211,12.2745],[105.7455,12.2589],[105.8311,12.2569],[105.8791,12.2625],[105.9831,12.2635],[106.0089,12.2723],[106.0309,12.2985],[106.0441,12.3369],[106.0407,12.3539],[106.0255,12.3835],[106.0261,12.4263],[106.0195,12.4553],[105.9891,12.4911],[105.9809,12.5167],[106.0139,12.5701],[106.0141,12.6041],[106.0007,12.6203],[106.0001,12.6319],[105.9809,12.6489],[105.9663,12.6747],[105.9405,12.6815],[105.9123,12.6967],[105.8923,12.6961],[105.8625,12.6719],[105.8329,12.6713],[105.7911,12.6781],[105.7101,12.7185]]]}},{"type":"Feature","properties":{"c":"0313","en":"Prey Chhor","km":"ព្រៃឈរ"},"geometry":{"type":"Polygon","coordinates":[[[105.1529,12.2149],[105.1501,12.2181],[105.1403,12.2031],[105.1431,12.1949],[105.1393,12.1811],[105.1563,12.1529],[105.1511,12.1441],[105.1317,12.1369],[105.1393,12.1097],[105.1307,12.1089],[105.1311,12.0881],[105.1247,12.0863],[105.1209,12.0673],[105.1037,12.0449],[105.1051,12.0023],[105.1331,12.0023],[105.1525,12.0173],[105.1619,12.0135],[105.1619,12.0017],[105.1687,12.0089],[105.1789,12.0099],[105.2023,11.9921],[105.2345,11.9993],[105.2343,12.0231],[105.2747,12.0179],[105.3163,11.9971],[105.3277,11.9975],[105.3481,12.0189],[105.3557,12.0497],[105.3553,12.0537],[105.3465,12.0545],[105.3519,12.0831],[105.3463,12.1017],[105.3181,12.1375],[105.2927,12.1559],[105.2587,12.1685],[105.2231,12.1901],[105.2093,12.2079],[105.1991,12.2117],[105.2019,12.1997],[105.1933,12.1901],[105.1857,12.1955],[105.1739,12.1953],[105.1639,12.2107],[105.1529,12.2149]]]}},{"type":"Feature","properties":{"c":"2106","en":"Prey Kabbas","km":"ព្រៃកប្បាស"},"geometry":{"type":"Polygon","coordinates":[[[104.9833,11.2095],[104.9771,11.2233],[104.9451,11.2397],[104.9303,11.2303],[104.9315,11.2125],[104.8337,11.2061],[104.8367,11.1889],[104.8499,11.1671],[104.8517,11.1485],[104.8401,11.0835],[104.8501,11.0753],[104.8727,11.0757],[104.8729,11.0805],[104.8865,11.0823],[104.8909,11.0967],[104.9011,11.1027],[104.9077,11.1007],[104.9083,11.0765],[105.0067,11.0777],[105.0191,11.1049],[105.0167,11.1353],[105.0201,11.1559],[105.0263,11.1619],[105.0135,11.1621],[105.0193,11.1735],[104.9863,11.1741],[104.9803,11.1831],[104.9833,11.2095]]]}},{"type":"Feature","properties":{"c":"1802","en":"Prey Nob","km":"ព្រៃនប់"},"geometry":{"type":"MultiPolygon","coordinates":[[[[103.8051,10.4161],[103.8083,10.4051],[103.8051,10.4039],[103.7827,10.4221],[103.7873,10.4377],[103.8027,10.4315],[103.8223,10.4267],[103.8051,10.4161]]],[[[103.7707,10.4425],[103.7595,10.4501],[103.7329,10.4749],[103.7331,10.4797],[103.7433,10.4777],[103.7477,10.4851],[103.7421,10.5193],[103.7677,10.5183],[103.7883,10.5095],[103.7961,10.4999],[103.7955,10.4779],[103.7967,10.4567],[103.7801,10.4513],[103.7707,10.4425]]],[[[103.6227,10.4851],[103.6213,10.4821],[103.6215,10.4893],[103.6227,10.4851]]],[[[103.6079,10.4849],[103.6003,10.4811],[103.5993,10.4755],[103.5817,10.4817],[103.5879,10.4903],[103.5781,10.5027],[103.5805,10.5087],[103.5871,10.5065],[103.5993,10.5051],[103.6051,10.4929],[103.6079,10.4849]]],[[[103.5597,10.5013],[103.5667,10.4929],[103.5649,10.4887],[103.5601,10.4879],[103.5525,10.4973],[103.5597,10.5013]]],[[[103.5459,10.5305],[103.5471,10.5261],[103.5445,10.5237],[103.5421,10.5213],[103.5409,10.5251],[103.5459,10.5305]]],[[[103.9317,10.8641],[103.9241,10.8591],[103.9239,10.8489],[103.9455,10.8217],[103.9333,10.8017],[103.9349,10.7821],[103.9225,10.7647],[103.9243,10.7483],[103.9377,10.7243],[103.9465,10.7121],[103.9573,10.7077],[103.9629,10.6951],[103.9669,10.6673],[103.9531,10.6251],[103.9417,10.6167],[103.9327,10.6217],[103.9203,10.6083],[103.9027,10.6389],[103.9025,10.6513],[103.8829,10.6593],[103.8713,10.6537],[103.8559,10.6555],[103.8531,10.6453],[103.8601,10.6313],[103.8679,10.6303],[103.8681,10.6221],[103.8291,10.5701],[103.8015,10.5211],[103.7923,10.5209],[103.7799,10.5365],[103.7679,10.5307],[103.7551,10.5315],[103.7303,10.5433],[103.7295,10.5527],[103.7193,10.5553],[103.7171,10.5445],[103.7355,10.5295],[103.7371,10.5225],[103.7357,10.5093],[103.7283,10.4985],[103.7043,10.5079],[103.6797,10.5097],[103.6727,10.5015],[103.6463,10.4987],[103.6431,10.4911],[103.6323,10.4889],[103.6085,10.5041],[103.6141,10.5321],[103.5991,10.5559],[103.5901,10.5623],[103.5647,10.5401],[103.5617,10.5713],[103.5697,10.5793],[103.5649,10.5917],[103.5921,10.5945],[103.5865,10.6105],[103.5857,10.6387],[103.5773,10.6563],[103.5833,10.6661],[103.5955,10.6667],[103.6091,10.6741],[103.6433,10.6511],[103.6789,10.6639],[103.7175,10.6871],[103.7323,10.6869],[103.7181,10.7061],[103.6797,10.7281],[103.6737,10.7441],[103.6889,10.7445],[103.7581,10.8201],[103.7657,10.8343],[103.7731,10.8755],[103.7871,10.9159],[103.8073,10.9053],[103.8205,10.9037],[103.9145,10.9507],[103.9161,10.9551],[103.9207,10.9467],[103.9335,10.9405],[103.9333,10.9029],[103.9243,10.8957],[103.9193,10.8739],[103.9317,10.8641]]]]}},{"type":"Feature","properties":{"c":"1410","en":"Prey Veng","km":"ក្រុងព្រៃវែង"},"geometry":{"type":"Polygon","coordinates":[[[105.2973,11.5227],[105.2873,11.5235],[105.2867,11.4889],[105.2977,11.4763],[105.2939,11.4659],[105.3065,11.4609],[105.3079,11.4413],[105.3169,11.4521],[105.3291,11.4507],[105.3655,11.4417],[105.3907,11.4281],[105.3935,11.4593],[105.3901,11.4683],[105.3805,11.4709],[105.3745,11.4791],[105.3569,11.4785],[105.3589,11.4937],[105.3501,11.4937],[105.3493,11.5021],[105.3437,11.5019],[105.3401,11.5189],[105.3001,11.5193],[105.2973,11.5227]]]}},{"type":"Feature","properties":{"c":"1707","en":"Puok","km":"ពួក"},"geometry":{"type":"Polygon","coordinates":[[[103.6499,13.6325],[103.5819,13.6323],[103.5577,13.5933],[103.5495,13.5515],[103.5359,13.5413],[103.5193,13.5085],[103.4997,13.4975],[103.4953,13.4815],[103.4857,13.4707],[103.4903,13.4625],[103.4741,13.4521],[103.4831,13.3953],[103.4981,13.3483],[103.5061,13.3527],[103.5269,13.3481],[103.5285,13.3409],[103.5531,13.3319],[103.5607,13.3115],[103.5801,13.3139],[103.5929,13.2941],[103.6105,13.2923],[103.6241,13.2979],[103.6431,13.2941],[103.6695,13.2747],[103.6833,13.2861],[103.7167,13.2561],[103.7171,13.2633],[103.7325,13.2601],[103.7557,13.3059],[103.7499,13.3471],[103.7525,13.3599],[103.7629,13.3773],[103.7785,13.3853],[103.7819,13.4241],[103.7637,13.4263],[103.7639,13.4441],[103.7903,13.4445],[103.8061,13.4627],[103.8059,13.4691],[103.8137,13.4697],[103.8179,13.4767],[103.7969,13.5059],[103.7805,13.5067],[103.7795,13.5353],[103.7877,13.5495],[103.8087,13.5641],[103.7881,13.5685],[103.7527,13.6087],[103.7393,13.5959],[103.7025,13.5951],[103.6849,13.6031],[103.6655,13.6311],[103.6499,13.6325]]]}},{"type":"Feature","properties":{"c":"1411","en":"Pur Rieng","km":"ពោធិ៍រៀង"},"geometry":{"type":"Polygon","coordinates":[[[105.2101,11.6001],[105.1987,11.6157],[105.1849,11.6025],[105.1817,11.5865],[105.1671,11.5853],[105.1203,11.5587],[105.1339,11.5495],[105.1281,11.5367],[105.1467,11.5273],[105.1599,11.5313],[105.1807,11.5183],[105.1983,11.5211],[105.2115,11.5031],[105.2137,11.4877],[105.2211,11.4897],[105.2277,11.4853],[105.2269,11.4747],[105.2367,11.4635],[105.2561,11.4527],[105.2623,11.4581],[105.2699,11.4501],[105.2777,11.4579],[105.2845,11.4529],[105.2827,11.4431],[105.2965,11.4253],[105.2927,11.4197],[105.2987,11.4091],[105.3095,11.4097],[105.3047,11.4183],[105.3099,11.4225],[105.3073,11.4285],[105.2991,11.4317],[105.3079,11.4413],[105.3079,11.4493],[105.3037,11.4649],[105.2969,11.4619],[105.2939,11.4659],[105.2977,11.4763],[105.2867,11.4889],[105.2873,11.5235],[105.2945,11.5251],[105.3001,11.5193],[105.3401,11.5189],[105.3437,11.5019],[105.3493,11.5021],[105.3501,11.4937],[105.3589,11.4937],[105.3569,11.4785],[105.3777,11.4775],[105.3897,11.4821],[105.3961,11.5065],[105.3811,11.5359],[105.3715,11.5451],[105.3453,11.5459],[105.3399,11.5889],[105.3269,11.5951],[105.3189,11.6059],[105.3043,11.5675],[105.2911,11.5617],[105.2857,11.5899],[105.2537,11.5899],[105.2457,11.6149],[105.2101,11.6001]]]}},{"type":"Feature","properties":{"c":"1209","en":"Pur SenChey","km":"ខណ្ឌពោធិ៍សែនជ័យ"},"geometry":{"type":"Polygon","coordinates":[[[104.8081,11.5809],[104.8017,11.5861],[104.7977,11.6027],[104.7855,11.6101],[104.7727,11.5949],[104.7425,11.5895],[104.7293,11.5757],[104.7127,11.5765],[104.7209,11.5717],[104.7201,11.5617],[104.7279,11.5447],[104.7419,11.5439],[104.7447,11.5305],[104.7559,11.5303],[104.7673,11.5201],[104.7685,11.5051],[104.7629,11.4927],[104.7503,11.4893],[104.7463,11.4825],[104.7447,11.4553],[104.7597,11.4521],[104.7557,11.4573],[104.7641,11.4577],[104.7647,11.4631],[104.7823,11.4561],[104.7863,11.4763],[104.8151,11.4819],[104.8203,11.5007],[104.8373,11.4999],[104.8395,11.5057],[104.8573,11.5057],[104.8781,11.5163],[104.8769,11.5205],[104.8629,11.5247],[104.8637,11.5677],[104.8245,11.5693],[104.8237,11.5799],[104.8081,11.5809]]]}},{"type":"Feature","properties":{"c":"1505","en":"Pursat","km":"ក្រុងពោធិ៍សាត់"},"geometry":{"type":"Polygon","coordinates":[[[103.9177,12.5683],[103.9173,12.5737],[103.8885,12.5629],[103.8835,12.5721],[103.8749,12.5579],[103.8679,12.5291],[103.8613,12.5237],[103.8311,12.5317],[103.7909,12.5263],[103.7871,12.5149],[103.7905,12.4843],[103.8041,12.4733],[103.7949,12.4631],[103.8001,12.4579],[103.8073,12.4613],[103.8317,12.4449],[103.8417,12.4423],[103.8437,12.4455],[103.8527,12.4395],[103.8679,12.4143],[103.8731,12.3959],[103.8901,12.3883],[103.8935,12.3807],[103.9065,12.3827],[103.9351,12.4095],[103.9431,12.4069],[103.9507,12.3983],[103.9615,12.3559],[103.9715,12.3529],[104.0065,12.4099],[103.9957,12.4499],[104.0149,12.4681],[104.0177,12.4763],[104.0079,12.4849],[104.0077,12.5003],[103.9937,12.5263],[103.9931,12.5543],[103.9559,12.5561],[103.9513,12.5523],[103.9327,12.5575],[103.9215,12.5459],[103.9159,12.5495],[103.9177,12.5683]]]}},{"type":"Feature","properties":{"c":"0406","en":"Rolea B'ier","km":"រលាប្អៀរ"},"geometry":{"type":"Polygon","coordinates":[[[104.5935,12.3589],[104.5799,12.3695],[104.5729,12.3607],[104.5703,12.3373],[104.5575,12.3269],[104.5587,12.3205],[104.5059,12.3635],[104.5027,12.3537],[104.4823,12.3419],[104.4683,12.3409],[104.4545,12.3471],[104.4373,12.3263],[104.4257,12.3207],[104.4139,12.2997],[104.3905,12.2903],[104.3901,12.2635],[104.3993,12.2531],[104.4401,12.2605],[104.4645,12.2505],[104.4773,12.2595],[104.4917,12.2539],[104.4997,12.2567],[104.4983,12.2387],[104.5099,12.2253],[104.5087,12.2139],[104.5173,12.2041],[104.5113,12.1907],[104.5131,12.1787],[104.5073,12.1717],[104.5093,12.1403],[104.5513,12.1375],[104.5579,12.1537],[104.5843,12.1373],[104.5967,12.1361],[104.6139,12.1233],[104.6175,12.1151],[104.6137,12.1069],[104.6185,12.0563],[104.6255,12.0513],[104.6453,12.0577],[104.6597,12.0533],[104.6867,12.0645],[104.7125,12.0669],[104.7463,12.0897],[104.7521,12.1007],[104.7477,12.1035],[104.7489,12.1135],[104.7971,12.1519],[104.7951,12.1765],[104.7751,12.1767],[104.7533,12.1949],[104.7185,12.2099],[104.7119,12.2085],[104.7051,12.2169],[104.7061,12.2249],[104.6725,12.2175],[104.6655,12.2207],[104.6607,12.2281],[104.6585,12.2521],[104.6463,12.2693],[104.6577,12.3155],[104.6653,12.3259],[104.6631,12.3343],[104.6503,12.3471],[104.6093,12.3591],[104.5935,12.3589]]]}},{"type":"Feature","properties":{"c":"2004","en":"Romeas Haek","km":"រមាសហែក"},"geometry":{"type":"Polygon","coordinates":[[[105.8117,11.5891],[105.8095,11.5995],[105.7967,11.5971],[105.7835,11.5879],[105.7473,11.5881],[105.7431,11.5779],[105.6935,11.5653],[105.6893,11.5599],[105.6901,11.5463],[105.6773,11.5339],[105.6857,11.5081],[105.6655,11.4865],[105.6691,11.4553],[105.6595,11.4385],[105.6519,11.4007],[105.6523,11.3209],[105.6697,11.2743],[105.6679,11.2647],[105.6965,11.2669],[105.7503,11.2835],[105.7627,11.2797],[105.7821,11.2825],[105.8071,11.2911],[105.8129,11.2981],[105.8371,11.2985],[105.8443,11.2909],[105.8565,11.2957],[105.8649,11.2917],[105.8703,11.2979],[105.8685,11.3183],[105.8781,11.3325],[105.8781,11.3473],[105.8849,11.3647],[105.8721,11.3733],[105.8785,11.3903],[105.8741,11.4049],[105.8853,11.4119],[105.8917,11.4253],[105.9017,11.4301],[105.9035,11.4453],[105.9003,11.4513],[105.8879,11.4509],[105.8755,11.4615],[105.8783,11.4775],[105.8847,11.4853],[105.8799,11.5081],[105.8857,11.5321],[105.8807,11.5441],[105.8615,11.5659],[105.8461,11.5617],[105.8199,11.5685],[105.8117,11.5891]]]}},{"type":"Feature","properties":{"c":"0207","en":"Rotonak Mondol","km":"រតនមណ្ឌល"},"geometry":{"type":"Polygon","coordinates":[[[103.0355,12.7607],[103.0401,12.7707],[103.0303,12.8399],[103.0443,12.8615],[103.0025,12.9239],[102.9571,12.9421],[102.9591,12.9495],[102.8617,12.9657],[102.8291,13.0379],[102.7901,13.0391],[102.7057,13.0957],[102.7039,13.1061],[102.6945,13.1023],[102.7513,13.0267],[102.7533,12.7495],[102.7315,12.7337],[102.7583,12.7317],[102.8671,12.7591],[102.9675,12.7477],[102.9871,12.7513],[103.0385,12.7331],[103.0355,12.7607]]]}},{"type":"Feature","properties":{"c":"1305","en":"Rovieng","km":"រវៀង"},"geometry":{"type":"Polygon","coordinates":[[[105.0951,13.6347],[105.0661,13.6109],[105.0445,13.6029],[104.9869,13.6265],[104.9767,13.5471],[104.9583,13.4983],[104.8779,13.4173],[104.8457,13.3517],[104.7943,13.3051],[104.8863,13.3101],[104.8949,13.3053],[104.9043,13.2849],[104.8919,13.2497],[104.8817,13.2369],[104.8833,13.2287],[104.8753,13.2189],[104.8775,13.1689],[104.8887,13.1573],[104.8879,13.1413],[104.9043,13.1221],[104.9075,13.1085],[104.9539,13.0581],[104.9771,13.0563],[105.0595,13.1147],[105.1373,13.1597],[105.1615,13.1807],[105.1921,13.2299],[105.2359,13.2567],[105.2805,13.2759],[105.3585,13.3633],[105.3989,13.3843],[105.4477,13.4015],[105.4797,13.4213],[105.5243,13.4339],[105.5401,13.4523],[105.5101,13.4617],[105.3677,13.4659],[105.3279,13.4625],[105.2907,13.4495],[105.2625,13.4465],[105.2473,13.4579],[105.2233,13.4661],[105.2103,13.4813],[105.2105,13.4865],[105.2193,13.4821],[105.2277,13.4891],[105.2281,13.4923],[105.2065,13.5009],[105.2167,13.5197],[105.2123,13.5223],[105.1929,13.5123],[105.1979,13.5207],[105.1967,13.5295],[105.1879,13.5265],[105.1785,13.5361],[105.1911,13.5513],[105.1751,13.5585],[105.1725,13.5707],[105.1619,13.5755],[105.1643,13.5833],[105.1605,13.5867],[105.1479,13.5819],[105.1459,13.5953],[105.1365,13.5933],[105.1305,13.5987],[105.1337,13.6109],[105.1275,13.6169],[105.1345,13.6279],[105.1165,13.6307],[105.1185,13.6343],[105.0951,13.6347]]]}},{"type":"Feature","properties":{"c":"0214","en":"Rukh Kiri","km":"រុក្ខគិរី"},"geometry":{"type":"Polygon","coordinates":[[[103.4267,12.6151],[103.4257,12.6353],[103.4371,12.6713],[103.4181,12.6863],[103.3575,12.6843],[103.3053,12.6047],[103.2381,12.6041],[103.2381,12.5243],[103.2481,12.5197],[103.2745,12.5429],[103.2813,12.5429],[103.2859,12.5497],[103.3019,12.5461],[103.3035,12.5585],[103.3277,12.5605],[103.3247,12.5667],[103.3279,12.5677],[103.3601,12.5603],[103.3619,12.5523],[103.3697,12.5505],[103.3817,12.5571],[103.3997,12.5581],[103.4587,12.5355],[103.4921,12.5121],[103.5197,12.5045],[103.5627,12.5211],[103.6087,12.5247],[103.6227,12.5601],[103.6425,12.5781],[103.6327,12.5959],[103.6365,12.6029],[103.4807,12.6489],[103.4615,12.6299],[103.4439,12.6243],[103.4355,12.6079],[103.4261,12.6017],[103.4267,12.6151]]]}},{"type":"Feature","properties":{"c":"2003","en":"Rumduol","km":"រំដួល"},"geometry":{"type":"Polygon","coordinates":[[[105.8371,11.2985],[105.8129,11.2981],[105.8071,11.2911],[105.7821,11.2825],[105.7627,11.2797],[105.7503,11.2835],[105.7169,11.2729],[105.7203,11.2645],[105.7301,11.2583],[105.7295,11.2505],[105.7349,11.2455],[105.7311,11.2163],[105.7947,11.1363],[105.8155,11.1549],[105.8709,11.1577],[105.8967,11.1679],[105.9337,11.2123],[105.9117,11.2395],[105.9079,11.2867],[105.8941,11.2901],[105.8677,11.2827],[105.8603,11.2945],[105.8443,11.2909],[105.8371,11.2985]]]}},{"type":"Feature","properties":{"c":"1207","en":"Russey Keo","km":"ខណ្ឌឫស្សីកែវ"},"geometry":{"type":"Polygon","coordinates":[[[104.9107,11.5843],[104.9211,11.5895],[104.9183,11.6183],[104.9021,11.6349],[104.8791,11.6449],[104.8689,11.6583],[104.8565,11.6491],[104.8723,11.6399],[104.8729,11.6257],[104.9007,11.5859],[104.9107,11.5843]]]}},{"type":"Feature","properties":{"c":"0810","en":"S'ang","km":"ស្អាង"},"geometry":{"type":"Polygon","coordinates":[[[105.0137,11.4661],[104.9731,11.4627],[104.9601,11.4553],[104.9721,11.4333],[104.9595,11.4327],[104.9579,11.4247],[104.9495,11.4179],[104.9595,11.3941],[104.9467,11.3741],[104.9311,11.3625],[104.9347,11.3305],[104.9393,11.3251],[104.9395,11.2985],[104.9261,11.2715],[104.9389,11.2437],[104.9805,11.2205],[104.9853,11.2031],[104.9803,11.1831],[104.9923,11.1729],[105.0193,11.1735],[105.0201,11.1823],[105.0333,11.1887],[105.0459,11.2027],[105.0373,11.2175],[105.0365,11.2409],[105.1607,11.2425],[105.1611,11.2993],[105.1691,11.3231],[105.1657,11.3613],[105.1577,11.3655],[105.1141,11.3661],[105.0855,11.3929],[105.0417,11.4131],[105.0539,11.4299],[105.0517,11.4477],[105.0371,11.4633],[105.0137,11.4661]]]}},{"type":"Feature","properties":{"c":"1105","en":"Saen Monourom","km":"ក្រុងសែនមនោរម្យ"},"geometry":{"type":"Polygon","coordinates":[[[107.2181,12.6309],[107.2101,12.6481],[107.1879,12.6309],[107.1761,12.6353],[107.1679,12.6245],[107.1573,12.6275],[107.1423,12.6195],[107.1303,12.6193],[107.1313,12.5975],[107.1097,12.5763],[107.0475,12.5669],[107.0327,12.4707],[107.0385,12.4547],[107.0411,12.4581],[107.0537,12.4555],[107.0565,12.4603],[107.0607,12.4471],[107.0765,12.4431],[107.0819,12.4249],[107.0883,12.4275],[107.1039,12.4195],[107.1295,12.4157],[107.1483,12.3979],[107.1505,12.3901],[107.1789,12.3845],[107.1803,12.3733],[107.1953,12.3701],[107.1971,12.3779],[107.2347,12.3909],[107.2373,12.4029],[107.2485,12.4123],[107.2559,12.4353],[107.2815,12.4637],[107.2813,12.4929],[107.2775,12.4981],[107.2859,12.5321],[107.2813,12.5613],[107.2885,12.5749],[107.2863,12.5799],[107.2541,12.5775],[107.2487,12.5891],[107.2317,12.5967],[107.2181,12.6309]]]}},{"type":"Feature","properties":{"c":"1208","en":"Saensokh","km":"ខណ្ឌសែនសុខ"},"geometry":{"type":"Polygon","coordinates":[[[104.8877,11.5707],[104.8881,11.5843],[104.8969,11.5907],[104.8729,11.6257],[104.8723,11.6399],[104.8565,11.6491],[104.8361,11.6349],[104.8383,11.6201],[104.8335,11.6133],[104.8315,11.5887],[104.8237,11.5799],[104.8245,11.5693],[104.8637,11.5677],[104.8607,11.5455],[104.8901,11.5501],[104.8871,11.5547],[104.8919,11.5619],[104.8877,11.5707]]]}},{"type":"Feature","properties":{"c":"2402","en":"Sala Krau","km":"សាលាក្រៅ"},"geometry":{"type":"Polygon","coordinates":[[[102.6515,13.1159],[102.6331,13.1137],[102.6337,13.1053],[102.6143,13.1023],[102.6099,13.0975],[102.6027,13.0993],[102.5991,13.0865],[102.5875,13.0865],[102.5873,13.0821],[102.5925,13.0807],[102.5797,13.0739],[102.5735,13.0623],[102.5837,13.0485],[102.5809,13.0303],[102.5853,13.0289],[102.5845,13.0153],[102.5801,13.0141],[102.5625,12.9807],[102.4873,12.9825],[102.4863,12.9777],[102.5005,12.9611],[102.4863,12.9473],[102.5009,12.9163],[102.5033,12.9009],[102.5087,12.8965],[102.5069,12.8909],[102.7521,12.8923],[102.7513,13.0267],[102.6945,13.1023],[102.6871,13.1011],[102.6805,13.1101],[102.6659,13.1155],[102.6515,13.1159]]]}},{"type":"Feature","properties":{"c":"1004","en":"Sambour","km":"សំបូរ"},"geometry":{"type":"Polygon","coordinates":[[[106.3249,13.4003],[106.3063,13.4071],[106.2973,13.4001],[106.2665,13.4055],[106.2537,13.3921],[106.2455,13.3935],[106.2395,13.3833],[106.2389,13.3697],[106.2213,13.3609],[106.2029,13.3605],[106.1879,13.3675],[106.1645,13.3695],[106.1475,13.3651],[106.1329,13.3693],[106.1309,13.3659],[106.1093,13.3657],[106.0859,13.3537],[106.0825,13.3513],[106.0851,13.3357],[106.0777,13.3313],[106.0701,13.3145],[106.0619,13.3103],[106.0583,13.2979],[106.0489,13.2943],[106.0473,13.2859],[106.0255,13.2591],[106.0225,13.2259],[106.0057,13.2151],[105.9675,13.2317],[105.9653,13.1963],[105.9439,13.1595],[105.9453,13.1521],[105.9277,13.1411],[105.9053,13.1369],[105.8757,13.1169],[105.8529,13.1149],[105.8011,13.1323],[105.7425,13.1833],[105.6951,13.2065],[105.6625,13.2057],[105.6177,13.2211],[105.6085,13.2291],[105.5893,13.2301],[105.5877,13.2125],[105.6049,13.1525],[105.6365,13.1287],[105.6471,13.1133],[105.6461,13.0969],[105.6317,13.0585],[105.6495,13.0067],[105.6437,12.9803],[105.6643,12.9679],[105.6781,12.9531],[105.6693,12.9327],[105.6553,12.9207],[105.6615,12.9039],[105.6777,12.8963],[105.6901,12.8657],[105.6833,12.8443],[105.6715,12.8311],[105.6843,12.8107],[105.6797,12.8069],[105.6765,12.7795],[105.6853,12.7733],[105.6973,12.7465],[105.6925,12.7261],[105.7129,12.7157],[105.7171,12.7177],[105.7911,12.6781],[105.8329,12.6713],[105.8625,12.6719],[105.8923,12.6961],[105.9123,12.6967],[105.9405,12.6815],[105.9663,12.6747],[105.9809,12.6489],[106.0001,12.6319],[106.0037,12.6335],[106.0037,12.6539],[106.0291,12.6713],[106.0377,12.6699],[106.0427,12.6853],[106.0637,12.6953],[106.0787,12.6953],[106.0943,12.7063],[106.1261,12.7079],[106.1557,12.7565],[106.2065,12.7823],[106.2337,12.7905],[106.2443,12.7873],[106.2611,12.7903],[106.3197,12.7693],[106.3431,12.7249],[106.3591,12.7101],[106.3755,12.7083],[106.4069,12.6845],[106.4299,12.7205],[106.4433,12.7327],[106.4817,12.7573],[106.5035,12.7791],[106.5415,12.7873],[106.5937,12.8323],[106.6093,12.8557],[106.6137,12.8861],[106.6131,12.9111],[106.6005,12.9275],[106.5499,12.9641],[106.4667,13.0113],[106.4513,13.0147],[106.4411,13.0113],[106.4175,13.0217],[106.4083,13.0309],[106.4035,13.0453],[106.3817,13.0543],[106.3549,13.0931],[106.3431,13.1019],[106.3389,13.1339],[106.3497,13.1715],[106.3989,13.1755],[106.4289,13.1691],[106.4313,13.1745],[106.4247,13.1939],[106.4073,13.2143],[106.3691,13.2369],[106.3459,13.2945],[106.3565,13.3381],[106.3507,13.3613],[106.3501,13.4001],[106.3249,13.4003]]]}},{"type":"Feature","properties":{"c":"0407","en":"Sameakki Mean Chey","km":"សាមគ្គីមានជ័យ"},"geometry":{"type":"Polygon","coordinates":[[[104.6319,11.9729],[104.6293,11.9771],[104.6361,11.9899],[104.6403,12.0289],[104.6255,12.0513],[104.6149,12.0439],[104.6125,12.0295],[104.6055,12.0241],[104.6001,12.0019],[104.6037,11.9783],[104.6001,11.9715],[104.5629,11.9777],[104.5245,11.9671],[104.4973,11.9711],[104.4697,11.9561],[104.4345,11.9541],[104.4221,11.9463],[104.4199,11.9307],[104.4269,11.9093],[104.4233,11.8769],[104.4327,11.8671],[104.4125,11.8385],[104.4177,11.8131],[104.4133,11.7997],[104.4357,11.7621],[104.4679,11.7539],[104.4741,11.7443],[104.4885,11.7357],[104.5339,11.7379],[104.5513,11.7437],[104.5951,11.7909],[104.6085,11.7937],[104.6249,11.8063],[104.6523,11.8107],[104.6727,11.8051],[104.6895,11.8143],[104.7075,11.8101],[104.7223,11.8149],[104.7261,11.8237],[104.7351,11.8273],[104.7193,11.8529],[104.7051,11.9013],[104.6777,11.9067],[104.6633,11.9281],[104.6615,11.9521],[104.6555,11.9593],[104.6349,11.9669],[104.6319,11.9729]]]}},{"type":"Feature","properties":{"c":"0209","en":"Samlout","km":"សំឡូត"},"geometry":{"type":"Polygon","coordinates":[[[102.9651,12.7497],[102.8671,12.7591],[102.7583,12.7317],[102.7315,12.7337],[102.6667,12.6899],[102.5195,12.6629],[102.5391,12.6521],[102.5665,12.6575],[102.5791,12.6535],[102.6155,12.6171],[102.6297,12.6105],[102.6445,12.6113],[102.6459,12.5849],[102.6625,12.5815],[102.6683,12.5631],[102.6841,12.5489],[102.6795,12.5375],[102.6909,12.5333],[102.6965,12.5199],[102.7055,12.5185],[102.7073,12.5117],[102.7153,12.5071],[102.7279,12.5125],[102.7213,12.4865],[102.7341,12.4885],[102.7395,12.4813],[102.7369,12.4673],[102.7463,12.4587],[102.7503,12.4615],[102.7661,12.4553],[102.7719,12.4385],[102.7839,12.4271],[102.7849,12.4003],[102.8095,12.3715],[102.8189,12.3769],[102.8205,12.3927],[102.8361,12.4117],[102.8735,12.3983],[102.8771,12.4071],[102.9031,12.4321],[102.9125,12.4289],[102.9241,12.4345],[102.9427,12.4315],[102.9549,12.4429],[102.9747,12.4509],[102.9737,12.4577],[102.9957,12.4847],[103.0053,12.5077],[103.0343,12.5245],[103.0391,12.5595],[103.0469,12.5629],[103.0621,12.5901],[103.0793,12.6041],[103.0895,12.6267],[103.0907,12.6391],[103.0825,12.6585],[103.0893,12.6727],[103.0765,12.6889],[103.0605,12.6833],[103.0447,12.7153],[103.0481,12.7237],[103.0453,12.7303],[102.9871,12.7513],[102.9651,12.7497]]]}},{"type":"Feature","properties":{"c":"0210","en":"Sampov Lun","km":"សំពៅលូន"},"geometry":{"type":"Polygon","coordinates":[[[102.6869,13.4795],[102.3573,13.4757],[102.3561,13.4489],[102.3617,13.4235],[102.3549,13.3867],[102.3925,13.3861],[102.3927,13.3589],[102.6879,13.3619],[102.6869,13.4795]]]}},{"type":"Feature","properties":{"c":"2107","en":"Samraong","km":"សំរោង"},"geometry":{"type":"Polygon","coordinates":[[[104.7883,11.2165],[104.7815,11.2221],[104.7595,11.2011],[104.7355,11.2045],[104.7329,11.1927],[104.7179,11.2057],[104.6927,11.2069],[104.6843,11.1559],[104.6863,11.0875],[104.7065,11.0793],[104.7315,11.0837],[104.7391,11.0799],[104.7315,11.0477],[104.7419,11.0413],[104.8349,11.0405],[104.8345,11.0605],[104.8523,11.0721],[104.8391,11.0889],[104.8495,11.1203],[104.8499,11.1671],[104.8367,11.1889],[104.8373,11.2015],[104.8275,11.2147],[104.8223,11.2163],[104.8141,11.2099],[104.8065,11.2167],[104.7911,11.2133],[104.7883,11.2165]]]}},{"type":"Feature","properties":{"c":"2204","en":"Samraong","km":"ក្រុងសំរោង"},"geometry":{"type":"Polygon","coordinates":[[[103.6921,14.4389],[103.6561,14.4395],[103.6459,14.4339],[103.6427,14.4261],[103.6563,14.4207],[103.6531,14.4137],[103.6427,14.4147],[103.6207,14.4043],[103.6099,14.4247],[103.5973,14.4237],[103.5821,14.4323],[103.5607,14.4323],[103.5343,14.4249],[103.4981,14.4115],[103.4961,14.3893],[103.4851,14.3875],[103.4667,14.3653],[103.4507,14.3689],[103.4461,14.3815],[103.4411,14.3797],[103.4361,14.3907],[103.4203,14.3833],[103.4289,14.3347],[103.4331,14.3339],[103.4527,14.2995],[103.4529,14.2839],[103.4421,14.2681],[103.4297,14.2611],[103.4263,14.2345],[103.4201,14.2267],[103.4149,14.2031],[103.4029,14.1881],[103.4003,14.1653],[103.3877,14.1467],[103.3843,14.1241],[103.3921,14.0985],[103.4773,14.1091],[103.5517,14.1069],[103.5923,14.1175],[103.6143,14.1167],[103.6435,14.1039],[103.6631,14.1011],[103.6999,14.1137],[103.7453,14.1147],[103.7529,14.1211],[103.7759,14.1121],[103.7871,14.0999],[103.8005,14.1077],[103.8029,14.1221],[103.8095,14.1199],[103.8281,14.1289],[103.8301,14.3543],[103.8033,14.3569],[103.8025,14.3691],[103.7753,14.3613],[103.7591,14.3773],[103.7529,14.3723],[103.7315,14.3853],[103.7063,14.3815],[103.7007,14.3945],[103.7075,14.4325],[103.6921,14.4389]]]}},{"type":"Feature","properties":{"c":"0507","en":"Samraong Tong","km":"សំរោងទង"},"geometry":{"type":"Polygon","coordinates":[[[104.3989,11.5619],[104.3823,11.5645],[104.3707,11.5793],[104.3043,11.6079],[104.3029,11.6003],[104.2829,11.5903],[104.2745,11.5737],[104.3013,11.5493],[104.3015,11.5269],[104.2927,11.5013],[104.3077,11.4819],[104.3475,11.4601],[104.3575,11.4629],[104.3687,11.4573],[104.3733,11.4465],[104.3857,11.4447],[104.4029,11.4521],[104.4277,11.4461],[104.4407,11.4357],[104.4387,11.3385],[104.4493,11.3363],[104.4637,11.3203],[104.4771,11.3157],[104.4933,11.2941],[104.5105,11.2933],[104.5347,11.3045],[104.5751,11.3577],[104.5991,11.3589],[104.6021,11.3649],[104.5941,11.3687],[104.6061,11.3745],[104.6171,11.3893],[104.6223,11.3887],[104.6495,11.3601],[104.6619,11.4949],[104.6787,11.5607],[104.6213,11.5525],[104.5919,11.5557],[104.5751,11.5707],[104.5645,11.5707],[104.5449,11.5555],[104.5247,11.5579],[104.5103,11.5683],[104.4993,11.5679],[104.4959,11.5821],[104.4881,11.5847],[104.4797,11.5817],[104.4673,11.5645],[104.4573,11.5635],[104.4451,11.5547],[104.4263,11.5635],[104.3989,11.5619]],[[104.4607,11.4635],[104.4553,11.4809],[104.4555,11.5075],[104.4761,11.5157],[104.4965,11.5151],[104.5127,11.4993],[104.5253,11.5041],[104.5227,11.4945],[104.5261,11.4929],[104.5579,11.4943],[104.5607,11.4847],[104.5555,11.4765],[104.5681,11.4723],[104.5703,11.4603],[104.5689,11.4563],[104.5571,11.4581],[104.5479,11.4421],[104.5325,11.4373],[104.5311,11.4319],[104.4869,11.4327],[104.4825,11.4413],[104.4723,11.4407],[104.4685,11.4555],[104.4639,11.4541],[104.4607,11.4635]]]}},{"type":"Feature","properties":{"c":"0606","en":"Sandan","km":"សណ្ដាន់"},"geometry":{"type":"MultiPolygon","coordinates":[[[[105.1817,12.9303],[105.1773,12.9293],[105.1791,12.9335],[105.1817,12.9303]]],[[[105.1713,12.9413],[105.1805,12.9561],[105.1769,12.9637],[105.1649,12.9719],[105.1589,12.9905],[105.1477,12.9953],[105.1315,13.0149],[105.0765,13.0207],[105.0703,13.1205],[105.1151,13.1443],[105.1525,13.1719],[105.1921,13.2299],[105.2359,13.2567],[105.2805,13.2759],[105.3585,13.3633],[105.3989,13.3843],[105.4477,13.4015],[105.4797,13.4213],[105.5243,13.4339],[105.5375,13.4481],[105.5459,13.4385],[105.5447,13.4249],[105.5515,13.4081],[105.5459,13.3695],[105.5501,13.3467],[105.5491,13.2785],[105.5687,13.2699],[105.5869,13.2507],[105.5877,13.2125],[105.6049,13.1525],[105.6365,13.1287],[105.6471,13.1133],[105.6461,13.0969],[105.6317,13.0585],[105.6495,13.0067],[105.6437,12.9803],[105.6643,12.9679],[105.6781,12.9531],[105.6693,12.9327],[105.6553,12.9207],[105.6615,12.9039],[105.6777,12.8963],[105.6901,12.8657],[105.6833,12.8443],[105.6715,12.8311],[105.6843,12.8107],[105.6797,12.8069],[105.6789,12.7905],[105.6613,12.7945],[105.6517,12.8083],[105.6355,12.8109],[105.6229,12.8107],[105.5947,12.7977],[105.5685,12.7989],[105.5387,12.7907],[105.4115,12.8053],[105.3903,12.7901],[105.3605,12.7787],[105.3231,12.7777],[105.3135,12.7815],[105.2927,12.7781],[105.2979,12.7891],[105.2921,12.8091],[105.2697,12.8357],[105.2759,12.8551],[105.2703,12.8673],[105.2781,12.8767],[105.2835,12.9043],[105.2803,12.9169],[105.2675,12.9207],[105.2735,12.9367],[105.2671,12.9609],[105.2513,12.9661],[105.2187,12.9633],[105.2045,12.9567],[105.1995,12.9475],[105.1809,12.9417],[105.1791,12.9335],[105.1713,12.9413]]]]}},{"type":"Feature","properties":{"c":"0208","en":"Sangkae","km":"សង្កែ"},"geometry":{"type":"Polygon","coordinates":[[[103.5703,13.1381],[103.4683,13.1969],[103.3749,13.2425],[103.3477,13.1861],[103.3309,13.1797],[103.3031,13.1525],[103.2847,13.1499],[103.2777,13.1141],[103.2137,13.1207],[103.2161,13.1121],[103.2307,13.1069],[103.2261,13.1003],[103.2305,13.0959],[103.2235,13.0863],[103.2271,13.0835],[103.2149,13.0789],[103.2151,13.0747],[103.2027,13.0803],[103.2037,13.0667],[103.1933,13.0531],[103.2009,13.0387],[103.1901,13.0393],[103.1903,13.0289],[103.1745,13.0251],[103.1711,13.0109],[103.1621,13.0171],[103.1639,13.0135],[103.1581,13.0091],[103.1695,13.0005],[103.1973,12.9983],[103.2099,12.9479],[103.2213,12.9509],[103.2209,12.8925],[103.2591,12.8973],[103.3947,12.9325],[103.5073,12.9929],[103.5729,12.9963],[103.5881,13.0023],[103.6155,12.9995],[103.6235,13.0069],[103.6365,13.0091],[103.6459,13.0273],[103.6521,13.0267],[103.6583,13.0333],[103.6771,13.0315],[103.6839,13.0729],[103.7057,13.1011],[103.7055,13.1149],[103.6843,13.1115],[103.6739,13.1153],[103.6517,13.1115],[103.6415,13.1147],[103.6241,13.1073],[103.5703,13.1381]]]}},{"type":"Feature","properties":{"c":"1306","en":"Sangkum Thmei","km":"សង្គមថ្មី"},"geometry":{"type":"Polygon","coordinates":[[[104.8057,13.3155],[104.8503,13.3575],[104.8803,13.4203],[104.9583,13.4983],[104.9785,13.5559],[104.9869,13.6265],[104.8665,13.7247],[104.7793,13.6981],[104.7355,13.6619],[104.7133,13.6235],[104.7073,13.6007],[104.6805,13.5571],[104.6753,13.5345],[104.6829,13.5285],[104.6501,13.4949],[104.6497,13.4671],[104.6317,13.4409],[104.5951,13.4141],[104.5727,13.3803],[104.5669,13.3577],[104.5723,13.3199],[104.5649,13.2967],[104.5717,13.2737],[104.5655,13.2531],[104.5949,13.2557],[104.6503,13.2725],[104.6923,13.2917],[104.7119,13.3067],[104.7257,13.3049],[104.7431,13.3135],[104.7599,13.3139],[104.7763,13.3023],[104.7943,13.3051],[104.8057,13.3155]]]}},{"type":"Feature","properties":{"c":"0607","en":"Santuk","km":"សន្ទុក"},"geometry":{"type":"Polygon","coordinates":[[[105.6355,12.8109],[105.6229,12.8107],[105.5947,12.7977],[105.5685,12.7989],[105.5387,12.7907],[105.4115,12.8053],[105.3903,12.7901],[105.3605,12.7787],[105.3231,12.7777],[105.3135,12.7815],[105.2927,12.7781],[105.2905,12.7737],[105.2773,12.7725],[105.2721,12.7637],[105.2569,12.7549],[105.1087,12.7577],[105.0715,12.7259],[105.0325,12.7039],[105.0309,12.7279],[104.9955,12.7179],[104.9629,12.7221],[104.9639,12.7085],[104.9555,12.7103],[104.9483,12.7031],[104.9567,12.6909],[104.9625,12.7005],[104.9647,12.6913],[104.9551,12.6829],[104.9473,12.6829],[104.9327,12.6495],[104.9509,12.6389],[104.9419,12.6309],[104.9495,12.6229],[104.9407,12.6173],[104.9467,12.6111],[104.9425,12.6057],[104.9523,12.6031],[104.9459,12.5957],[104.9527,12.5909],[104.9541,12.5829],[104.9461,12.5739],[104.9403,12.5769],[104.9341,12.5661],[104.9413,12.5443],[104.9263,12.5413],[104.9305,12.5325],[104.9117,12.5433],[104.9031,12.5259],[104.8963,12.5287],[104.8837,12.5201],[104.8713,12.5317],[104.8611,12.5281],[104.8351,12.5355],[104.8207,12.5321],[104.8279,12.5223],[104.8223,12.5085],[104.8255,12.5025],[104.8149,12.4885],[104.8185,12.4819],[104.8409,12.4745],[104.8407,12.4703],[104.8283,12.4659],[104.8361,12.4517],[104.8419,12.4503],[104.8365,12.4437],[104.8425,12.4415],[104.8493,12.4275],[104.8605,12.4293],[104.8671,12.4103],[104.8607,12.3897],[104.8621,12.3709],[104.8829,12.3817],[104.8909,12.4003],[104.8895,12.4119],[104.8779,12.4213],[104.8853,12.4437],[104.8917,12.4483],[104.8939,12.4429],[104.9021,12.4423],[104.9049,12.4547],[104.9463,12.4545],[104.9629,12.4727],[104.9565,12.4919],[104.9595,12.5017],[104.9533,12.5077],[104.9579,12.5241],[104.9867,12.5295],[105.0041,12.5387],[105.0203,12.5201],[105.0311,12.5237],[105.0371,12.5193],[105.0647,12.5397],[105.0689,12.5375],[105.0653,12.5259],[105.0755,12.5237],[105.0919,12.5087],[105.0949,12.4935],[105.1009,12.5009],[105.1101,12.4945],[105.1281,12.5025],[105.1365,12.4961],[105.1397,12.5033],[105.1567,12.5021],[105.1671,12.5109],[105.1703,12.5239],[105.1803,12.5207],[105.2015,12.5283],[105.2175,12.5379],[105.2171,12.5415],[105.2295,12.5305],[105.2493,12.5239],[105.2563,12.5273],[105.2641,12.5201],[105.2613,12.5289],[105.2687,12.5341],[105.2857,12.5289],[105.2927,12.5347],[105.2973,12.5297],[105.3059,12.5311],[105.3077,12.5267],[105.3161,12.5323],[105.3201,12.5255],[105.3255,12.5305],[105.3431,12.5265],[105.3513,12.5299],[105.3559,12.5171],[105.3751,12.5157],[105.3677,12.5083],[105.3671,12.4999],[105.3777,12.4887],[105.3941,12.4881],[105.3927,12.4829],[105.3975,12.4819],[105.4023,12.4871],[105.4133,12.4825],[105.4169,12.4879],[105.4311,12.4883],[105.4407,12.4945],[105.4535,12.4765],[105.4573,12.4789],[105.4659,12.4693],[105.4701,12.4727],[105.4765,12.4679],[105.4757,12.4619],[105.4831,12.4629],[105.4901,12.4571],[105.4871,12.4545],[105.5005,12.4501],[105.5241,12.4565],[105.5315,12.4733],[105.5485,12.4919],[105.6343,12.4949],[105.6719,12.4903],[105.7335,12.5013],[105.7295,12.5471],[105.7175,12.5953],[105.7223,12.6415],[105.7121,12.6769],[105.7123,12.6923],[105.6921,12.7217],[105.6973,12.7465],[105.6853,12.7733],[105.6765,12.7795],[105.6789,12.7905],[105.6613,12.7945],[105.6517,12.8083],[105.6355,12.8109]]]}},{"type":"Feature","properties":{"c":"0106","en":"Serei Saophoan","km":"ក្រុងសិរីសោភ័ណ"},"geometry":{"type":"Polygon","coordinates":[[[102.9137,13.7179],[102.9147,13.6503],[102.9283,13.6353],[102.9275,13.6169],[102.9215,13.6075],[102.8859,13.6111],[102.8707,13.5981],[102.8695,13.5443],[102.8781,13.5351],[102.8775,13.5159],[102.8833,13.5087],[102.9047,13.5329],[102.9347,13.5459],[102.9869,13.5523],[102.9843,13.5643],[103.0739,13.5689],[103.0837,13.5737],[103.0657,13.6267],[103.0669,13.6357],[103.0113,13.6339],[103.0079,13.6691],[103.0275,13.7005],[102.9963,13.6991],[102.9137,13.7179]]]}},{"type":"Feature","properties":{"c":"1901","en":"Sesan","km":"សេសាន"},"geometry":{"type":"Polygon","coordinates":[[[106.6521,13.8385],[106.6481,13.8547],[106.6325,13.8671],[106.6357,13.8919],[106.4953,13.8381],[106.1759,13.8405],[106.1799,13.8335],[106.1969,13.8265],[106.2067,13.8121],[106.1587,13.7435],[106.1193,13.6581],[106.1053,13.6463],[106.0685,13.5861],[106.0519,13.5729],[106.0241,13.5609],[106.0495,13.4883],[106.0979,13.4417],[106.1113,13.4003],[106.1227,13.3955],[106.1217,13.3673],[106.1515,13.3651],[106.1645,13.3695],[106.1879,13.3675],[106.2029,13.3605],[106.2213,13.3609],[106.2389,13.3697],[106.2395,13.3833],[106.2455,13.3935],[106.2537,13.3921],[106.2665,13.4055],[106.2973,13.4001],[106.3063,13.4071],[106.3213,13.4007],[106.3501,13.4001],[106.4199,13.4171],[106.4905,13.3803],[106.5121,13.3553],[106.5339,13.3481],[106.5581,13.3505],[106.5733,13.3347],[106.6009,13.3191],[106.6081,13.3229],[106.6089,13.3411],[106.6249,13.3465],[106.6269,13.3711],[106.6209,13.3761],[106.6221,13.3879],[106.6053,13.4015],[106.6137,13.4181],[106.6125,13.4273],[106.6007,13.4385],[106.5749,13.4943],[106.5745,13.5121],[106.5525,13.5449],[106.5317,13.5531],[106.5309,13.6703],[106.5863,13.6831],[106.6177,13.7031],[106.6319,13.7215],[106.6365,13.7417],[106.6573,13.7647],[106.6633,13.7793],[106.6535,13.8103],[106.6639,13.8299],[106.6581,13.8381],[106.6521,13.8385]]]}},{"type":"Feature","properties":{"c":"1902","en":"Siem Bouk","km":"សៀមបូក"},"geometry":{"type":"Polygon","coordinates":[[[105.9373,13.4495],[105.9271,13.4777],[105.9299,13.5153],[105.8991,13.4805],[105.8861,13.4303],[105.8623,13.3985],[105.8675,13.3735],[105.9019,13.3573],[105.8833,13.3549],[105.8579,13.3307],[105.8401,13.3247],[105.8241,13.3309],[105.8131,13.3479],[105.8049,13.3507],[105.7777,13.3783],[105.7509,13.3923],[105.7359,13.3931],[105.7077,13.4197],[105.6713,13.4293],[105.6579,13.4559],[105.6339,13.4743],[105.6251,13.4763],[105.5977,13.4571],[105.5461,13.4485],[105.5417,13.4445],[105.5515,13.4081],[105.5459,13.3695],[105.5501,13.3467],[105.5491,13.2785],[105.5687,13.2699],[105.5869,13.2507],[105.5893,13.2301],[105.6085,13.2291],[105.6177,13.2211],[105.6625,13.2057],[105.6951,13.2065],[105.7425,13.1833],[105.8011,13.1323],[105.8529,13.1149],[105.8757,13.1169],[105.9053,13.1369],[105.9277,13.1411],[105.9453,13.1521],[105.9439,13.1595],[105.9653,13.1963],[105.9675,13.2317],[106.0057,13.2151],[106.0225,13.2259],[106.0255,13.2591],[106.0473,13.2859],[106.0489,13.2943],[106.0583,13.2979],[106.0619,13.3103],[106.0701,13.3145],[106.0777,13.3313],[106.0851,13.3357],[106.0825,13.3513],[106.1093,13.3657],[106.1217,13.3673],[106.1229,13.3725],[106.1227,13.3955],[106.1113,13.4003],[106.0971,13.3993],[106.0655,13.3889],[106.0005,13.4559],[105.9927,13.4585],[105.9727,13.4505],[105.9393,13.4457],[105.9373,13.4495]]]}},{"type":"Feature","properties":{"c":"1903","en":"Siem Pang","km":"សៀមប៉ាង"},"geometry":{"type":"Polygon","coordinates":[[[106.5429,14.5933],[106.5113,14.5891],[106.4613,14.5535],[106.4595,14.5419],[106.4777,14.5215],[106.4783,14.5151],[106.4711,14.5125],[106.4369,14.5241],[106.4305,14.5111],[106.4409,14.4895],[106.4223,14.4731],[106.4219,14.4627],[106.4121,14.4521],[106.3707,14.4543],[106.3297,14.4399],[106.3153,14.4415],[106.3089,14.4513],[106.2975,14.4541],[106.2939,14.4677],[106.2879,14.4723],[106.2797,14.4715],[106.2735,14.4779],[106.2659,14.4745],[106.2591,14.4863],[106.2519,14.4859],[106.2423,14.4647],[106.2523,14.4435],[106.2379,14.4279],[106.2371,14.3985],[106.2189,14.3671],[106.2047,14.3717],[106.1865,14.3513],[106.1595,14.3543],[106.1515,14.3685],[106.1441,14.3719],[106.1203,14.3587],[106.1061,14.3677],[106.1031,14.3745],[106.0903,14.3711],[106.0829,14.3635],[106.0847,14.3479],[106.0797,14.3381],[106.0663,14.3517],[106.0583,14.3449],[106.0503,14.3481],[106.0429,14.3439],[106.0285,14.3455],[106.0013,14.3713],[105.9953,14.3491],[106.0007,14.3431],[105.9969,14.3249],[106.0031,14.3127],[106.0195,14.3145],[106.0257,14.3075],[106.0235,14.2993],[106.0349,14.2705],[106.0273,14.2627],[106.0275,14.2459],[106.0365,14.2271],[106.0491,14.2151],[106.0553,14.2003],[106.1109,14.1849],[106.1115,14.1457],[106.1219,14.1093],[106.1499,14.0851],[106.1887,14.0623],[106.1695,14.0213],[106.1349,14.0147],[106.1267,13.9997],[106.1197,13.9937],[106.1061,13.9929],[106.0999,13.9823],[106.1065,13.9695],[106.1023,13.9639],[106.1061,13.9183],[106.1257,13.9199],[106.1487,13.9031],[106.1505,13.8893],[106.1759,13.8405],[106.4953,13.8381],[106.6357,13.8919],[106.6251,13.9065],[106.6261,13.9347],[106.6183,13.9447],[106.6125,13.9761],[106.6165,13.9923],[106.6301,13.9941],[106.6551,13.9867],[106.6689,13.9967],[106.7033,13.9979],[106.7077,14.0051],[106.7315,14.0193],[106.7557,14.0257],[106.7867,14.0685],[106.7891,14.0829],[106.7837,14.0997],[106.7515,14.1737],[106.7531,14.2103],[106.7595,14.2359],[106.7505,14.2739],[106.7471,14.3469],[106.7571,14.3993],[106.7427,14.4281],[106.7301,14.4349],[106.7169,14.4223],[106.6637,14.4393],[106.6589,14.4493],[106.6309,14.4457],[106.6285,14.4561],[106.6213,14.4587],[106.6157,14.4679],[106.6127,14.4971],[106.6035,14.4957],[106.6003,14.5067],[106.5895,14.5083],[106.5651,14.5009],[106.5631,14.5109],[106.5709,14.5241],[106.5615,14.5389],[106.5577,14.5655],[106.5495,14.5739],[106.5429,14.5933]]]}},{"type":"Feature","properties":{"c":"1710","en":"Siem Reap","km":"ក្រុងសៀមរាប"},"geometry":{"type":"Polygon","coordinates":[[[103.8137,13.4697],[103.8059,13.4691],[103.8061,13.4627],[103.7903,13.4445],[103.7639,13.4441],[103.7637,13.4263],[103.7819,13.4241],[103.7785,13.3853],[103.7629,13.3773],[103.7525,13.3599],[103.7499,13.3471],[103.7557,13.3059],[103.7325,13.2601],[103.7817,13.2417],[103.7991,13.2427],[103.8423,13.2279],[103.8633,13.2301],[103.8835,13.2197],[103.8955,13.2199],[103.9071,13.2115],[103.9073,13.3659],[103.9605,13.3659],[103.9839,13.3797],[103.9897,13.3965],[103.9899,13.4231],[103.9235,13.4275],[103.9215,13.4467],[103.9125,13.4557],[103.9109,13.4687],[103.8137,13.4697]]]}},{"type":"Feature","properties":{"c":"1412","en":"Sithor Kandal","km":"ស៊ីធរកណ្ដាល"},"geometry":{"type":"Polygon","coordinates":[[[105.3315,11.8647],[105.3265,11.8701],[105.3221,11.8641],[105.2843,11.8571],[105.2871,11.8461],[105.2681,11.8425],[105.2537,11.8127],[105.2473,11.8139],[105.2331,11.7997],[105.2345,11.7917],[105.2541,11.7809],[105.2711,11.7559],[105.3265,11.7281],[105.3309,11.7105],[105.3427,11.7025],[105.3861,11.6905],[105.4047,11.6803],[105.4293,11.6983],[105.4419,11.7143],[105.4805,11.7107],[105.5105,11.7577],[105.4983,11.7633],[105.4637,11.7655],[105.4423,11.7557],[105.4189,11.7725],[105.4125,11.7927],[105.4075,11.7941],[105.4153,11.8023],[105.4127,11.8179],[105.4191,11.8235],[105.4051,11.8449],[105.4013,11.8465],[105.3913,11.8387],[105.3737,11.8443],[105.3621,11.8565],[105.3435,11.8539],[105.3315,11.8647]]]}},{"type":"Feature","properties":{"c":"1005","en":"Snuol","km":"ស្នួល"},"geometry":{"type":"Polygon","coordinates":[[[106.3957,12.5031],[106.3747,12.5119],[106.3615,12.5039],[106.3619,12.4899],[106.3689,12.4831],[106.3677,12.4653],[106.3489,12.4419],[106.3351,12.4395],[106.3287,12.4247],[106.3193,12.4199],[106.3007,12.3979],[106.2895,12.3953],[106.2805,12.4017],[106.2595,12.3909],[106.2525,12.3945],[106.2335,12.3923],[106.2145,12.4033],[106.1733,12.4131],[106.1733,12.4051],[106.1673,12.4001],[106.1519,12.3405],[106.1569,12.3225],[106.1409,12.2881],[106.1421,12.2751],[106.1729,12.2681],[106.2045,12.2165],[106.2081,12.1953],[106.2207,12.1905],[106.2445,12.1909],[106.2791,12.1983],[106.2819,12.1835],[106.3011,12.1603],[106.2989,12.1503],[106.2781,12.1457],[106.2749,12.1273],[106.2667,12.1215],[106.2647,12.1139],[106.2519,12.1093],[106.2587,12.0987],[106.2455,12.0825],[106.2519,12.0689],[106.2457,12.0553],[106.2689,12.0429],[106.2711,12.0361],[106.2535,12.0207],[106.2627,12.0075],[106.2511,12.0065],[106.2449,12.0003],[106.2395,12.0025],[106.2313,11.9811],[106.2201,11.9855],[106.2273,11.9719],[106.2187,11.9623],[106.2211,11.9581],[106.2361,11.9659],[106.2531,11.9543],[106.2809,11.9551],[106.2859,11.9605],[106.3133,11.9639],[106.3535,11.9499],[106.3629,11.9549],[106.3683,11.9513],[106.3845,11.9593],[106.3997,11.9773],[106.4303,11.9723],[106.4427,11.9865],[106.4535,11.9885],[106.4639,11.9835],[106.4711,11.9729],[106.4921,11.9691],[106.5193,11.9809],[106.5363,11.9749],[106.5299,11.9697],[106.6257,11.9737],[106.6347,11.9619],[106.6427,11.9741],[106.6473,11.9647],[106.6597,11.9669],[106.6499,11.9797],[106.6547,11.9891],[106.6757,11.9777],[106.6837,11.9653],[106.7207,11.9707],[106.7443,12.0017],[106.7473,12.0209],[106.7593,12.0299],[106.7819,12.0721],[106.7993,12.0851],[106.7911,12.1165],[106.7987,12.1345],[106.7933,12.1535],[106.7981,12.1589],[106.7959,12.1743],[106.8013,12.1913],[106.7681,12.2335],[106.7623,12.2495],[106.7401,12.2689],[106.7037,12.2877],[106.6513,12.2991],[106.6083,12.3145],[106.5927,12.3385],[106.5701,12.4011],[106.5637,12.4083],[106.5317,12.4215],[106.5157,12.4377],[106.4973,12.4389],[106.3957,12.5031]]]}},{"type":"Feature","properties":{"c":"1711","en":"Soutr Nikom","km":"សូទ្រនិគម"},"geometry":{"type":"Polygon","coordinates":[[[104.1263,13.4857],[104.1189,13.5017],[104.1155,13.4891],[104.1051,13.4779],[104.1059,13.4573],[104.0977,13.4471],[104.0873,13.4455],[104.0757,13.4535],[104.0535,13.4471],[104.0539,13.3777],[104.0623,13.3699],[104.0611,13.3265],[104.0755,13.3193],[104.0765,13.3035],[104.0643,13.2875],[104.0411,13.2775],[104.0271,13.2535],[104.0275,13.1651],[104.0733,13.1055],[104.0907,13.0717],[104.1261,12.9613],[104.1357,12.9501],[104.1461,12.9483],[104.1529,12.9339],[104.1587,12.9159],[104.1517,12.8981],[104.1571,12.8755],[104.1765,12.8457],[104.1749,13.2245],[104.1957,13.2535],[104.2245,13.2741],[104.2117,13.2859],[104.2031,13.3035],[104.2125,13.3415],[104.2123,13.4123],[104.1793,13.4127],[104.1747,13.4179],[104.1731,13.4461],[104.1905,13.4693],[104.1711,13.4821],[104.1467,13.4795],[104.1263,13.4857]]]}},{"type":"Feature","properties":{"c":"0906","en":"Srae Ambel","km":"ស្រែ អំបិល"},"geometry":{"type":"Polygon","coordinates":[[[103.8739,11.5677],[103.8619,11.5745],[103.8585,11.5839],[103.8387,11.5961],[103.8327,11.6075],[103.8189,11.6181],[103.7997,11.5795],[103.7763,11.5607],[103.7663,11.5697],[103.7411,11.5759],[103.7175,11.5621],[103.7033,11.5459],[103.6815,11.5555],[103.6503,11.5487],[103.6457,11.5345],[103.6303,11.5147],[103.6341,11.4827],[103.6299,11.4677],[103.6425,11.4505],[103.6333,11.4351],[103.6075,11.4257],[103.6021,11.4191],[103.5875,11.4213],[103.5739,11.4143],[103.5751,11.4045],[103.5395,11.3761],[103.5369,11.3683],[103.5421,11.3489],[103.5377,11.3361],[103.5447,11.3289],[103.5419,11.3195],[103.5479,11.2983],[103.6035,11.2529],[103.5911,11.1957],[103.6027,11.1857],[103.6045,11.1785],[103.5949,11.1763],[103.5951,11.1667],[103.5863,11.1597],[103.5801,11.1605],[103.5771,11.1665],[103.5655,11.1647],[103.5675,11.1713],[103.5591,11.1711],[103.5577,11.1749],[103.5531,11.1679],[103.5545,11.1581],[103.5923,11.0941],[103.6105,11.0869],[103.6255,11.0889],[103.6509,11.0793],[103.6593,11.0803],[103.6601,11.0601],[103.6483,11.0495],[103.6641,11.0229],[103.6637,11.0033],[103.6587,10.9979],[103.6833,10.9613],[103.7057,10.9063],[103.7129,10.9083],[103.7185,10.8967],[103.7275,10.8973],[103.7307,10.9047],[103.7367,10.8989],[103.7673,10.9315],[103.7971,10.9395],[103.7909,10.9541],[103.7937,10.9811],[103.7859,11.0235],[103.7917,11.0407],[103.7963,11.0471],[103.8225,11.0571],[103.8351,11.0725],[103.8465,11.0727],[103.8483,11.0789],[103.8425,11.0807],[103.8461,11.0831],[103.8449,11.0875],[103.8411,11.0853],[103.8403,11.0971],[103.8591,11.1133],[103.8639,11.1313],[103.8719,11.1359],[103.8719,11.1491],[103.8867,11.1583],[103.8689,11.2039],[103.8517,11.2221],[103.8725,11.2407],[103.8727,11.2535],[103.8871,11.2663],[103.8845,11.2727],[103.9011,11.2845],[103.9045,11.3037],[103.9759,11.3889],[104.0419,11.4359],[104.0489,11.4489],[104.0643,11.4575],[104.0543,11.4951],[104.0399,11.4949],[104.0253,11.5015],[104.0173,11.5167],[104.0017,11.5299],[103.9821,11.5239],[103.9757,11.5265],[103.9581,11.5173],[103.9375,11.5171],[103.9289,11.5329],[103.9177,11.5371],[103.9137,11.5515],[103.8877,11.5587],[103.8817,11.5671],[103.8739,11.5677]]]}},{"type":"Feature","properties":{"c":"0314","en":"Srei Santhor","km":"ស្រីសន្ធរ"},"geometry":{"type":"Polygon","coordinates":[[[105.2257,11.9231],[105.2137,11.9291],[105.2127,11.9481],[105.1907,11.9497],[105.1589,11.9251],[105.1407,11.9045],[105.1325,11.8695],[105.1195,11.8525],[105.1035,11.8455],[105.0383,11.8503],[105.0669,11.8123],[105.0595,11.8023],[105.0529,11.8011],[105.0471,11.7761],[105.0481,11.7521],[105.0881,11.7501],[105.1013,11.7347],[105.1211,11.7419],[105.1431,11.7349],[105.1593,11.7355],[105.1645,11.7467],[105.1571,11.7597],[105.1821,11.7683],[105.1967,11.7831],[105.2391,11.8027],[105.2473,11.8139],[105.2537,11.8127],[105.2681,11.8425],[105.2625,11.8619],[105.2681,11.8795],[105.2645,11.8985],[105.2755,11.9173],[105.2889,11.9231],[105.2881,11.9339],[105.2611,11.9339],[105.2475,11.9253],[105.2257,11.9231]]]}},{"type":"Feature","properties":{"c":"1712","en":"Srei Snam","km":"ស្រីស្នំ"},"geometry":{"type":"Polygon","coordinates":[[[103.4195,13.7369],[103.4287,13.7363],[103.4225,13.7337],[103.4277,13.7249],[103.4209,13.7229],[103.4217,13.7087],[103.4379,13.6935],[103.4639,13.7043],[103.4855,13.7381],[103.5025,13.7495],[103.5337,13.7459],[103.5679,13.7295],[103.5867,13.7255],[103.6001,13.7349],[103.6101,13.7355],[103.6135,13.7429],[103.6125,13.7825],[103.6307,13.8249],[103.6577,13.8393],[103.7085,13.8397],[103.7271,13.8449],[103.7279,13.9021],[103.6861,13.9581],[103.6515,13.9709],[103.6469,13.9633],[103.6355,13.9717],[103.6269,13.9641],[103.6299,13.9617],[103.6197,13.9619],[103.6161,13.9491],[103.6053,13.9459],[103.5935,13.9333],[103.5927,13.9261],[103.5891,13.9295],[103.5787,13.9265],[103.5799,13.9201],[103.5687,13.9167],[103.5681,13.9059],[103.5563,13.9085],[103.5545,13.9019],[103.5487,13.9047],[103.5375,13.8965],[103.5319,13.9025],[103.5301,13.8977],[103.5189,13.8967],[103.4807,13.9019],[103.4735,13.8931],[103.4605,13.8921],[103.4407,13.8775],[103.4289,13.8801],[103.4259,13.8773],[103.4307,13.8669],[103.4275,13.8583],[103.4217,13.8563],[103.4233,13.8345],[103.4319,13.8245],[103.4321,13.8171],[103.4409,13.8183],[103.4309,13.8021],[103.4221,13.7969],[103.4275,13.7971],[103.4229,13.7891],[103.4245,13.7791],[103.4101,13.7761],[103.4239,13.7657],[103.4243,13.7547],[103.4301,13.7535],[103.4217,13.7465],[103.4195,13.7369]]]}},{"type":"Feature","properties":{"c":"0608","en":"Stoung","km":"ស្ទោង"},"geometry":{"type":"Polygon","coordinates":[[[104.6725,13.2629],[104.6733,13.2821],[104.6155,13.2609],[104.5655,13.2531],[104.5491,13.2071],[104.4819,13.1799],[104.4717,13.1539],[104.4747,13.1395],[104.4665,13.0525],[104.4655,13.0479],[104.4609,13.0495],[104.4547,13.0441],[104.4527,13.0357],[104.4523,13.0239],[104.4605,13.0121],[104.4561,13.0015],[104.4487,13.0017],[104.4401,12.9859],[104.4241,12.9863],[104.4041,12.9601],[104.3825,12.9455],[104.3717,12.9331],[104.3701,12.9195],[104.3607,12.9019],[104.3511,12.8953],[104.3397,12.8971],[104.3171,12.8847],[104.3085,12.8853],[104.3039,12.8791],[104.2805,12.8747],[104.2783,12.8659],[104.2671,12.8641],[104.2683,12.8569],[104.2325,12.8149],[104.2281,12.7985],[104.2211,12.7999],[104.2099,12.7821],[104.2231,12.7441],[104.2569,12.7327],[104.3079,12.7325],[104.3829,12.7559],[104.4061,12.7587],[104.4423,12.7465],[104.4595,12.7289],[104.4817,12.7491],[104.4899,12.7381],[104.4979,12.7459],[104.5139,12.7217],[104.5151,12.6993],[104.5389,12.6849],[104.5605,12.6809],[104.5693,12.6733],[104.6043,12.7015],[104.6219,12.7239],[104.6207,12.7349],[104.6395,12.7737],[104.6349,12.8059],[104.6487,12.8341],[104.6719,12.8623],[104.6889,12.9061],[104.7003,12.9193],[104.7009,12.9469],[104.7393,12.9861],[104.7269,12.9897],[104.7187,12.9803],[104.7151,12.9839],[104.7073,12.9771],[104.6989,12.9649],[104.6889,12.9615],[104.6787,12.9659],[104.6629,12.9561],[104.6297,13.0111],[104.6329,13.0179],[104.6567,13.0311],[104.6609,13.0601],[104.6195,13.0625],[104.6321,13.1087],[104.6985,13.1657],[104.7049,13.1799],[104.7007,13.1927],[104.6779,13.1973],[104.6703,13.2051],[104.6671,13.2275],[104.6725,13.2629]]]}},{"type":"Feature","properties":{"c":"1803","en":"Stueng Hav","km":"ស្ទឹងហាវ"},"geometry":{"type":"Polygon","coordinates":[[[103.8003,10.9359],[103.7971,10.9395],[103.7673,10.9315],[103.7367,10.8989],[103.7307,10.9047],[103.7275,10.8973],[103.7185,10.8967],[103.7129,10.9083],[103.7057,10.9063],[103.7123,10.8713],[103.7109,10.8439],[103.7019,10.8279],[103.6733,10.8065],[103.6707,10.7781],[103.6653,10.7691],[103.6583,10.7689],[103.6621,10.7441],[103.6471,10.7443],[103.6363,10.7387],[103.6223,10.7473],[103.6125,10.7367],[103.5955,10.7357],[103.5831,10.7427],[103.5675,10.7269],[103.5439,10.7205],[103.5445,10.6953],[103.5669,10.6933],[103.5677,10.6697],[103.5773,10.6563],[103.5833,10.6661],[103.5955,10.6667],[103.6091,10.6741],[103.6433,10.6511],[103.6789,10.6639],[103.7175,10.6871],[103.7323,10.6869],[103.7181,10.7061],[103.6797,10.7281],[103.6737,10.7441],[103.6889,10.7445],[103.7581,10.8201],[103.7657,10.8343],[103.7731,10.8755],[103.7871,10.9159],[103.8119,10.9045],[103.8109,10.9215],[103.8003,10.9359]]]}},{"type":"Feature","properties":{"c":"0603","en":"Stueng Saen","km":"ក្រុងស្ទឹងសែន"},"geometry":{"type":"Polygon","coordinates":[[[104.8949,12.7417],[104.8727,12.7389],[104.8663,12.7275],[104.8653,12.7115],[104.8493,12.7029],[104.8211,12.7067],[104.8279,12.6955],[104.8083,12.6783],[104.7827,12.6795],[104.7723,12.6723],[104.7655,12.6233],[104.7591,12.6113],[104.7481,12.6039],[104.7479,12.5741],[104.7633,12.5457],[104.8171,12.5319],[104.8351,12.5355],[104.8611,12.5281],[104.8713,12.5317],[104.8837,12.5201],[104.8963,12.5287],[104.9031,12.5259],[104.9117,12.5433],[104.9305,12.5325],[104.9263,12.5413],[104.9413,12.5443],[104.9341,12.5661],[104.9403,12.5769],[104.9461,12.5739],[104.9541,12.5829],[104.9527,12.5909],[104.9459,12.5957],[104.9523,12.6031],[104.9425,12.6057],[104.9467,12.6111],[104.9407,12.6173],[104.9495,12.6229],[104.9419,12.6309],[104.9509,12.6389],[104.9327,12.6495],[104.9389,12.6643],[104.9323,12.6685],[104.9285,12.6793],[104.9093,12.6847],[104.9083,12.6881],[104.9155,12.6913],[104.9137,12.7037],[104.9213,12.7039],[104.9147,12.7265],[104.9193,12.7391],[104.8949,12.7417]]]}},{"type":"Feature","properties":{"c":"1904","en":"Stueng Traeng","km":"ក្រុងស្ទឹងត្រែង"},"geometry":{"type":"Polygon","coordinates":[[[106.0975,13.9109],[106.0173,13.9271],[106.0429,13.8851],[106.0381,13.8643],[106.0205,13.8397],[106.0149,13.8027],[106.0229,13.7623],[106.0463,13.7295],[106.0443,13.7199],[106.0287,13.7007],[106.0349,13.6861],[106.0371,13.6489],[106.0343,13.6419],[106.0261,13.6479],[105.9991,13.5959],[105.9781,13.5747],[105.9549,13.5403],[105.9383,13.5297],[105.9265,13.5015],[105.9279,13.4739],[105.9393,13.4457],[105.9727,13.4505],[105.9927,13.4585],[106.0005,13.4559],[106.0655,13.3889],[106.0891,13.3983],[106.1113,13.4003],[106.1115,13.4039],[106.0979,13.4417],[106.0495,13.4883],[106.0241,13.5609],[106.0519,13.5729],[106.0685,13.5861],[106.1053,13.6463],[106.1193,13.6581],[106.1587,13.7435],[106.2067,13.8121],[106.1969,13.8265],[106.1799,13.8335],[106.1753,13.8465],[106.1673,13.8523],[106.1649,13.8657],[106.1505,13.8893],[106.1487,13.9031],[106.1257,13.9199],[106.1061,13.9183],[106.1063,13.9107],[106.0975,13.9109]]]}},{"type":"Feature","properties":{"c":"0315","en":"Stueng Trang","km":"ស្ទឹងត្រង់"},"geometry":{"type":"Polygon","coordinates":[[[105.7229,12.5015],[105.6719,12.4903],[105.6343,12.4949],[105.5485,12.4919],[105.5315,12.4733],[105.5241,12.4565],[105.5005,12.4501],[105.4871,12.4545],[105.4901,12.4571],[105.4831,12.4629],[105.4757,12.4619],[105.4765,12.4679],[105.4701,12.4727],[105.4659,12.4693],[105.4573,12.4789],[105.4535,12.4765],[105.4407,12.4945],[105.4311,12.4883],[105.4169,12.4879],[105.4133,12.4825],[105.3989,12.4857],[105.4015,12.4681],[105.3921,12.4553],[105.3885,12.4343],[105.3753,12.4119],[105.3777,12.4079],[105.3609,12.3639],[105.3729,12.3467],[105.3939,12.3433],[105.3991,12.3223],[105.3943,12.3029],[105.3731,12.2861],[105.3615,12.2665],[105.3959,12.2411],[105.4083,12.1997],[105.4233,12.1879],[105.5369,12.1641],[105.5411,12.1783],[105.5355,12.2113],[105.5417,12.2461],[105.5547,12.2743],[105.5707,12.2899],[105.5875,12.2989],[105.6107,12.3005],[105.6491,12.2863],[105.6813,12.2865],[105.7211,12.2775],[105.7453,12.2881],[105.7425,12.3013],[105.7705,12.3157],[105.7759,12.3363],[105.7747,12.3615],[105.7683,12.4015],[105.7499,12.4595],[105.7399,12.4747],[105.7335,12.5013],[105.7229,12.5015]]]}},{"type":"Feature","properties":{"c":"2506","en":"Suong","km":"ក្រុងសួង"},"geometry":{"type":"Polygon","coordinates":[[[105.7037,11.9869],[105.6495,11.9879],[105.6497,11.9969],[105.6269,11.9971],[105.6203,11.9265],[105.6135,11.9219],[105.6155,11.9167],[105.6327,11.9181],[105.6399,11.9067],[105.6541,11.8981],[105.6579,11.8819],[105.6655,11.8803],[105.6655,11.8659],[105.6703,11.8635],[105.6797,11.8673],[105.6937,11.8625],[105.7071,11.8715],[105.7111,11.8893],[105.6995,11.9081],[105.7139,11.9135],[105.7211,11.9251],[105.7185,11.9393],[105.7099,11.9407],[105.7035,11.9523],[105.7037,11.9869]]]}},{"type":"Feature","properties":{"c":"1413","en":"Svay Antor","km":"ស្វាយអន្ទរ"},"geometry":{"type":"Polygon","coordinates":[[[105.4585,11.6431],[105.4557,11.6513],[105.4471,11.6509],[105.3951,11.6327],[105.3819,11.6347],[105.3761,11.6089],[105.3399,11.5889],[105.3453,11.5459],[105.3751,11.5433],[105.3961,11.5065],[105.3897,11.4821],[105.3777,11.4775],[105.3805,11.4709],[105.3901,11.4683],[105.3935,11.4593],[105.3911,11.4229],[105.3817,11.4003],[105.4181,11.3991],[105.4145,11.3923],[105.4259,11.3899],[105.4143,11.3795],[105.4287,11.3787],[105.4325,11.3575],[105.4571,11.3603],[105.4567,11.3723],[105.4739,11.3757],[105.4775,11.4005],[105.4863,11.4107],[105.5021,11.4167],[105.5065,11.4331],[105.5125,11.4363],[105.5107,11.4479],[105.5399,11.4599],[105.5473,11.4537],[105.5893,11.4887],[105.5861,11.4963],[105.5549,11.4995],[105.5475,11.5131],[105.5473,11.5171],[105.5577,11.5193],[105.5557,11.5279],[105.5625,11.5451],[105.5653,11.5743],[105.5293,11.5691],[105.5231,11.5835],[105.4979,11.6059],[105.4835,11.6275],[105.4689,11.6417],[105.4585,11.6431]]]}},{"type":"Feature","properties":{"c":"0108","en":"Svay Chek","km":"ស្វាយចេក"},"geometry":{"type":"Polygon","coordinates":[[[102.9179,13.9327],[102.7829,13.9329],[102.7663,13.8565],[102.7417,13.8235],[102.7483,13.8233],[102.7487,13.7687],[102.8439,13.7519],[102.8691,13.7407],[102.9135,13.7407],[102.9137,13.7179],[102.9963,13.6991],[103.0451,13.7015],[103.0451,13.7225],[103.0597,13.7351],[103.0801,13.7421],[103.1379,13.7339],[103.1531,13.7443],[103.1797,13.7765],[103.1831,13.8255],[103.2325,13.8491],[103.2261,13.8623],[103.2125,13.8641],[103.1667,13.8565],[103.1471,13.8439],[103.1341,13.8451],[103.1273,13.8511],[103.1137,13.8419],[103.1033,13.8479],[103.0997,13.8383],[103.0895,13.8401],[103.0839,13.8227],[103.0653,13.8247],[103.0597,13.8173],[103.0523,13.8227],[103.0491,13.8581],[103.0195,13.8713],[103.0089,13.8851],[102.9971,13.8803],[102.9823,13.8819],[102.9569,13.9283],[102.9179,13.9327]]]}},{"type":"Feature","properties":{"c":"2005","en":"Svay Chrum","km":"ស្វាយជ្រំ"},"geometry":{"type":"Polygon","coordinates":[[[105.7169,11.2729],[105.6749,11.2639],[105.6531,11.2647],[105.6453,11.2719],[105.6373,11.2713],[105.6347,11.2575],[105.6245,11.2497],[105.6247,11.2377],[105.6081,11.2043],[105.6141,11.1497],[105.6191,11.1365],[105.6353,11.1213],[105.6029,11.0827],[105.6023,11.0499],[105.5953,11.0307],[105.5853,11.0227],[105.5803,11.0103],[105.5863,11.0007],[105.6105,10.9931],[105.6119,10.9737],[105.6673,10.9875],[105.7263,11.0247],[105.7533,11.0259],[105.7745,11.0323],[105.7787,11.0317],[105.7975,10.9937],[105.8063,10.9983],[105.8189,10.9833],[105.8495,10.9985],[105.8443,11.0103],[105.8541,11.0375],[105.8465,11.0521],[105.8309,11.0593],[105.8279,11.0539],[105.7855,11.0553],[105.7881,11.0701],[105.7719,11.0773],[105.7633,11.0869],[105.7615,11.1003],[105.7455,11.1073],[105.7377,11.1191],[105.7421,11.1349],[105.7531,11.1397],[105.7699,11.1353],[105.7927,11.1397],[105.7311,11.2163],[105.7349,11.2455],[105.7295,11.2505],[105.7301,11.2583],[105.7203,11.2645],[105.7169,11.2729]]]}},{"type":"Feature","properties":{"c":"1713","en":"Svay Leu","km":"ស្វាយលើ"},"geometry":{"type":"Polygon","coordinates":[[[104.3643,13.9627],[104.3563,13.9623],[104.3487,13.9537],[104.2909,13.9601],[104.2727,13.9527],[104.2607,13.9579],[104.2161,13.9283],[104.1919,13.9345],[104.1747,13.9517],[104.1629,13.9563],[104.1479,13.9597],[104.1115,13.9549],[104.1111,13.9125],[104.0971,13.8899],[104.0993,13.8705],[104.1075,13.8579],[104.1035,13.8357],[104.1157,13.7891],[104.0779,13.7697],[104.0849,13.7533],[104.1019,13.7481],[104.1129,13.7293],[104.1127,13.7191],[104.1085,13.7023],[104.0903,13.6765],[104.0903,13.6523],[104.1033,13.6325],[104.1009,13.6103],[104.0947,13.6033],[104.0793,13.5993],[104.0755,13.5699],[104.1003,13.5387],[104.1225,13.4889],[104.1467,13.4795],[104.1711,13.4821],[104.1905,13.4693],[104.1731,13.4461],[104.1747,13.4179],[104.1793,13.4127],[104.2123,13.4123],[104.2311,13.3995],[104.2459,13.4189],[104.2557,13.4235],[104.3483,13.4261],[104.3681,13.4173],[104.3825,13.4229],[104.3967,13.4333],[104.4061,13.4639],[104.4017,13.4785],[104.4057,13.4971],[104.4245,13.5137],[104.4301,13.5289],[104.4451,13.5339],[104.4559,13.5487],[104.4533,13.5535],[104.4177,13.5553],[104.4077,13.5613],[104.4111,13.5681],[104.4025,13.5957],[104.4091,13.6069],[104.4251,13.6163],[104.4263,13.6323],[104.4403,13.6539],[104.4397,13.6697],[104.4287,13.6791],[104.4321,13.7001],[104.4283,13.7209],[104.4083,13.7513],[104.4149,13.7655],[104.3957,13.7791],[104.3859,13.8067],[104.3645,13.8071],[104.3583,13.8135],[104.3675,13.8257],[104.3689,13.8387],[104.3783,13.8379],[104.3823,13.8515],[104.3957,13.8643],[104.3907,13.8721],[104.3993,13.8917],[104.4173,13.8917],[104.4079,13.9089],[104.4209,13.9191],[104.4263,13.9353],[104.4219,13.9389],[104.4163,13.9349],[104.4069,13.9527],[104.3909,13.9625],[104.3643,13.9627]]]}},{"type":"Feature","properties":{"c":"2006","en":"Svay Rieng","km":"ក្រុងស្វាយរៀង"},"geometry":{"type":"Polygon","coordinates":[[[105.8345,11.1397],[105.8309,11.1539],[105.8189,11.1559],[105.7947,11.1363],[105.7927,11.1397],[105.7699,11.1353],[105.7561,11.1399],[105.7421,11.1349],[105.7377,11.1191],[105.7455,11.1073],[105.7615,11.1003],[105.7633,11.0869],[105.7719,11.0773],[105.7881,11.0701],[105.7855,11.0553],[105.8279,11.0539],[105.8309,11.0593],[105.8351,11.0579],[105.8495,11.0487],[105.8541,11.0375],[105.8523,11.0269],[105.8659,11.0253],[105.8721,11.0351],[105.8933,11.0503],[105.8461,11.0781],[105.8345,11.1397]]]}},{"type":"Feature","properties":{"c":"2007","en":"Svay Teab","km":"ស្វាយទាប"},"geometry":{"type":"Polygon","coordinates":[[[105.9611,11.1973],[105.9337,11.2123],[105.8967,11.1679],[105.8709,11.1577],[105.8285,11.1561],[105.8347,11.1467],[105.8343,11.1279],[105.8417,11.1113],[105.8461,11.0781],[105.8933,11.0503],[105.8899,11.0485],[105.8933,11.0269],[105.9089,10.9867],[105.9347,10.9679],[105.9507,10.9753],[105.9501,10.9963],[105.9391,11.0151],[105.9389,11.0369],[105.9647,11.0437],[105.9587,11.0543],[105.9511,11.0565],[105.9493,11.0643],[105.9799,11.0685],[106.0323,11.0841],[106.0577,11.0823],[106.0661,11.0905],[106.0817,11.0937],[106.0859,11.1005],[106.0731,11.1003],[106.0627,11.1159],[106.0231,11.1407],[106.0111,11.1901],[105.9757,11.1987],[105.9611,11.1973]]]}},{"type":"Feature","properties":{"c":"0811","en":"Ta Khmau","km":"ក្រុងតាខ្មៅ"},"geometry":{"type":"Polygon","coordinates":[[[104.9513,11.4209],[104.9579,11.4247],[104.9595,11.4327],[104.9721,11.4333],[104.9601,11.4553],[104.9731,11.4627],[104.9603,11.4699],[104.9471,11.4937],[104.9215,11.4845],[104.9183,11.4667],[104.9223,11.4289],[104.9411,11.4285],[104.9413,11.4193],[104.9513,11.4209]]]}},{"type":"Feature","properties":{"c":"1608","en":"Ta Veaeng","km":"តាវែង"},"geometry":{"type":"Polygon","coordinates":[[[107.5421,14.6875],[107.5355,14.6891],[107.5271,14.6823],[107.5201,14.6521],[107.5009,14.6367],[107.4929,14.6237],[107.4763,14.6237],[107.4655,14.6171],[107.4617,14.6067],[107.4673,14.5943],[107.4535,14.5851],[107.4579,14.5745],[107.4477,14.5423],[107.4537,14.5335],[107.4487,14.5285],[107.4383,14.5245],[107.3989,14.5419],[107.3769,14.5403],[107.3645,14.5539],[107.3641,14.5655],[107.3395,14.5851],[107.3289,14.5911],[107.2989,14.5875],[107.2831,14.5707],[107.2813,14.5483],[107.2745,14.5415],[107.2611,14.5413],[107.2539,14.5217],[107.2583,14.4935],[107.2545,14.4879],[107.2361,14.4793],[107.2145,14.4885],[107.2065,14.4865],[107.1965,14.4491],[107.1633,14.4149],[107.1575,14.4215],[107.1501,14.4217],[107.1461,14.4149],[107.1347,14.4137],[107.1323,14.4061],[107.1237,14.4035],[107.1215,14.3979],[107.0935,14.3923],[107.0833,14.3965],[107.0791,14.4043],[107.0773,14.4251],[107.0629,14.4389],[107.0519,14.4407],[107.0427,14.4487],[107.0375,14.4463],[107.0457,14.4161],[107.0153,14.3955],[106.9957,14.3571],[106.9899,14.3589],[106.9889,14.2947],[106.9933,14.2783],[107.0071,14.2671],[107.0109,14.2205],[107.0301,14.2005],[107.0267,14.1847],[107.0311,14.1679],[107.0393,14.1553],[107.0533,14.1515],[107.0525,14.1473],[107.0603,14.1419],[107.0523,14.1239],[107.0649,14.1145],[107.0679,14.1029],[107.0589,14.0923],[107.0489,14.0911],[107.0293,14.0587],[107.0279,14.0435],[107.0647,13.9789],[107.0775,13.9425],[107.1139,13.9379],[107.1615,13.9245],[107.1631,13.9289],[107.1561,13.9343],[107.1609,13.9633],[107.1675,13.9723],[107.1643,13.9977],[107.1845,14.0013],[107.2341,14.0451],[107.2965,14.1247],[107.3153,14.1343],[107.3401,14.1321],[107.3627,14.1629],[107.3607,14.1713],[107.3795,14.1831],[107.3885,14.2071],[107.4071,14.2345],[107.4013,14.2511],[107.4093,14.2643],[107.4069,14.2973],[107.3925,14.3143],[107.3913,14.3245],[107.4091,14.3489],[107.4093,14.3633],[107.4153,14.3627],[107.4397,14.3821],[107.4501,14.4179],[107.4633,14.4057],[107.4753,14.4075],[107.4815,14.4037],[107.4893,14.4079],[107.4899,14.4273],[107.5051,14.4569],[107.5019,14.4663],[107.5139,14.4991],[107.5083,14.5077],[107.5221,14.5199],[107.5313,14.5461],[107.5321,14.5541],[107.5233,14.5663],[107.5185,14.5847],[107.5249,14.5973],[107.5427,14.6059],[107.5447,14.6163],[107.5581,14.6225],[107.5491,14.6579],[107.5547,14.6617],[107.5507,14.6743],[107.5555,14.6853],[107.5421,14.6875]]]}},{"type":"Feature","properties":{"c":"1307","en":"Tbaeng Mean Chey","km":"ត្បែងមានជ័យ"},"geometry":{"type":"Polygon","coordinates":[[[104.9727,13.9367],[104.9223,13.9363],[104.8923,13.8857],[104.8649,13.8039],[104.8399,13.7679],[104.8665,13.7247],[104.8899,13.7317],[104.9131,13.7521],[104.9325,13.7901],[104.9431,13.8363],[104.9565,13.8419],[104.9615,13.8379],[104.9965,13.8387],[105.0107,13.8033],[105.0227,13.8003],[105.0291,13.7931],[105.0427,13.7941],[105.0585,13.7885],[105.0471,13.7709],[105.0643,13.7611],[105.0673,13.7485],[105.0613,13.7449],[105.0805,13.7391],[105.0865,13.7185],[105.0823,13.7185],[105.0717,13.7027],[105.0481,13.6913],[105.0401,13.6803],[105.0253,13.6815],[105.0119,13.6747],[104.9825,13.6307],[104.9967,13.6195],[105.0401,13.6029],[105.0529,13.6039],[105.0909,13.6339],[105.1185,13.6343],[105.1325,13.6493],[105.1175,13.6743],[105.1221,13.6869],[105.1359,13.6887],[105.1383,13.6963],[105.1127,13.7089],[105.1017,13.7207],[105.1113,13.7267],[105.1189,13.7425],[105.1451,13.7577],[105.1553,13.7811],[105.1549,13.7971],[105.1431,13.8189],[105.1177,13.8363],[105.1233,13.8493],[105.1635,13.8899],[105.1831,13.9357],[104.9727,13.9367]]]}},{"type":"Feature","properties":{"c":"2507","en":"Tboung Khmum","km":"ត្បូងឃ្មុំ"},"geometry":{"type":"Polygon","coordinates":[[[105.6075,12.1391],[105.5961,12.1377],[105.5859,12.1235],[105.5747,12.1253],[105.5707,12.1115],[105.5579,12.1045],[105.5305,12.1019],[105.5483,12.0563],[105.5369,12.0339],[105.5037,12.0319],[105.4907,12.0247],[105.4857,12.0387],[105.4811,12.0323],[105.4729,12.0179],[105.4683,11.9413],[105.4549,11.9137],[105.4747,11.8981],[105.4875,11.9085],[105.5083,11.9143],[105.5209,11.9021],[105.5473,11.8923],[105.5613,11.8783],[105.5709,11.8781],[105.5785,11.8673],[105.5807,11.8295],[105.6013,11.8351],[105.6271,11.8295],[105.6503,11.8313],[105.6693,11.8211],[105.6787,11.7983],[105.7045,11.8045],[105.7321,11.8025],[105.7327,11.8065],[105.7429,11.8073],[105.7611,11.8213],[105.7651,11.8419],[105.7913,11.8677],[105.7941,11.8895],[105.8037,11.8991],[105.7903,11.9381],[105.7935,11.9497],[105.8475,11.9961],[105.8367,12.0179],[105.8133,12.0285],[105.7993,12.0665],[105.7877,12.0843],[105.7887,12.0907],[105.7777,12.0903],[105.7599,12.1063],[105.7521,12.0915],[105.7341,12.0925],[105.7059,12.1179],[105.7063,12.1353],[105.6851,12.1353],[105.6795,12.1243],[105.6575,12.1069],[105.6381,12.1075],[105.6243,12.1171],[105.6235,12.1243],[105.6075,12.1391]],[[105.6269,11.9971],[105.6497,11.9969],[105.6495,11.9879],[105.7037,11.9869],[105.7035,11.9523],[105.7099,11.9407],[105.7185,11.9393],[105.7211,11.9251],[105.7139,11.9135],[105.6995,11.9081],[105.7111,11.8893],[105.7051,11.8679],[105.6937,11.8625],[105.6797,11.8673],[105.6741,11.8633],[105.6655,11.8659],[105.6655,11.8803],[105.6579,11.8819],[105.6541,11.8981],[105.6399,11.9067],[105.6327,11.9181],[105.6155,11.9167],[105.6147,11.9255],[105.6203,11.9265],[105.6269,11.9971]]]}},{"type":"Feature","properties":{"c":"1905","en":"Thala Barivat","km":"ថាឡាបរិវ៉ាត់"},"geometry":{"type":"Polygon","coordinates":[[[105.9109,13.9305],[105.9001,13.9369],[105.8695,13.9217],[105.7239,13.9199],[105.7015,13.9087],[105.7037,13.8899],[105.7149,13.8803],[105.7115,13.8673],[105.6803,13.8633],[105.6655,13.8747],[105.6363,13.8685],[105.6233,13.8569],[105.6015,13.8785],[105.5797,13.8869],[105.5281,13.8511],[105.5205,13.8299],[105.5281,13.8063],[105.5251,13.8023],[105.5289,13.7909],[105.5225,13.7789],[105.5249,13.7651],[105.5311,13.7601],[105.5337,13.7491],[105.5489,13.7393],[105.5527,13.7251],[105.5649,13.7085],[105.5769,13.6527],[105.5705,13.6359],[105.5723,13.6005],[105.5627,13.5407],[105.5655,13.4881],[105.5435,13.4623],[105.5385,13.4453],[105.5977,13.4571],[105.6301,13.4759],[105.6579,13.4559],[105.6713,13.4293],[105.7077,13.4197],[105.7359,13.3931],[105.7509,13.3923],[105.7777,13.3783],[105.8049,13.3507],[105.8131,13.3479],[105.8241,13.3309],[105.8447,13.3249],[105.8605,13.3325],[105.8833,13.3549],[105.9019,13.3573],[105.8675,13.3735],[105.8619,13.3869],[105.8639,13.4033],[105.8861,13.4303],[105.8991,13.4805],[105.9383,13.5297],[105.9549,13.5403],[105.9781,13.5747],[105.9991,13.5959],[106.0261,13.6479],[106.0343,13.6419],[106.0357,13.6809],[106.0287,13.7007],[106.0465,13.7247],[106.0229,13.7623],[106.0149,13.7929],[106.0205,13.8397],[106.0365,13.8613],[106.0427,13.8805],[106.0375,13.8987],[106.0173,13.9271],[106.0089,13.9293],[105.9963,13.9307],[105.9861,13.9237],[105.9465,13.9343],[105.9109,13.9305]]]}},{"type":"Feature","properties":{"c":"0907","en":"Thma Bang","km":"ថ្មបាំង"},"geometry":{"type":"Polygon","coordinates":[[[103.4879,12.1025],[103.4715,12.1161],[103.4589,12.1015],[103.4325,12.0873],[103.3989,12.1091],[103.3917,12.1073],[103.3821,12.0959],[103.3849,12.0705],[103.3741,12.0699],[103.3643,12.0597],[103.3627,12.0305],[103.3467,12.0275],[103.3289,12.0169],[103.3195,12.0087],[103.3113,11.9859],[103.2893,11.9805],[103.2681,11.9885],[103.2525,11.9739],[103.2313,11.9759],[103.2295,11.9631],[103.2231,11.9569],[103.1987,11.9635],[103.1875,11.8441],[103.1577,11.6929],[103.1389,11.6697],[103.1289,11.6361],[103.1203,11.6239],[103.1191,11.5951],[103.1123,11.5901],[103.0963,11.5911],[103.0997,11.5791],[103.1255,11.5697],[103.1297,11.5869],[103.1389,11.5915],[103.1501,11.6065],[103.1571,11.6075],[103.1579,11.5923],[103.1669,11.5955],[103.1767,11.5915],[103.1927,11.6015],[103.1971,11.6159],[103.2109,11.6161],[103.2131,11.6209],[103.2075,11.6289],[103.2137,11.6437],[103.2257,11.6409],[103.2281,11.6337],[103.2341,11.6317],[103.2503,11.6393],[103.3181,11.6313],[103.3719,11.5781],[103.4449,11.5183],[103.4557,11.4903],[103.4521,11.4331],[103.4781,11.3889],[103.4719,11.3733],[103.4517,11.3491],[103.4423,11.3469],[103.4395,11.3373],[103.4295,11.3361],[103.4175,11.3179],[103.4259,11.3093],[103.4339,11.3145],[103.4367,11.3075],[103.4455,11.3125],[103.4489,11.3075],[103.4623,11.3125],[103.4781,11.3025],[103.4717,11.2833],[103.4577,11.2667],[103.5719,11.2819],[103.5561,11.2895],[103.5455,11.3033],[103.5419,11.3195],[103.5447,11.3289],[103.5377,11.3361],[103.5421,11.3489],[103.5369,11.3683],[103.5395,11.3761],[103.5751,11.4045],[103.5739,11.4143],[103.5875,11.4213],[103.6021,11.4191],[103.6075,11.4257],[103.6333,11.4351],[103.6425,11.4505],[103.6299,11.4677],[103.6341,11.4827],[103.6303,11.5147],[103.6457,11.5345],[103.6473,11.5463],[103.6815,11.5555],[103.7033,11.5459],[103.7175,11.5621],[103.7411,11.5759],[103.7663,11.5697],[103.7763,11.5607],[103.7997,11.5795],[103.8189,11.6181],[103.7953,11.6245],[103.8021,11.6775],[103.7993,11.6865],[103.7761,11.7109],[103.7739,11.7209],[103.7829,11.7517],[103.7735,11.7729],[103.7929,11.7907],[103.7933,11.8011],[103.7843,11.8087],[103.7817,11.8367],[103.7847,11.8495],[103.7887,11.8503],[103.8079,11.8403],[103.8307,11.8357],[103.8569,11.8435],[103.8405,11.8575],[103.8309,11.8799],[103.7875,11.9321],[103.7725,11.9333],[103.7621,11.9255],[103.7427,11.9393],[103.7225,11.9281],[103.7115,11.9309],[103.6957,11.9411],[103.7003,11.9479],[103.6955,11.9643],[103.6765,11.9657],[103.6553,11.9755],[103.6499,11.9835],[103.6381,11.9853],[103.6289,11.9955],[103.6361,12.0029],[103.6329,12.0143],[103.6067,12.0235],[103.5841,12.0531],[103.5727,12.0569],[103.5669,12.0667],[103.5385,12.0835],[103.5379,12.0949],[103.5087,12.1059],[103.4933,12.1001],[103.4879,12.1025]]]}},{"type":"Feature","properties":{"c":"0202","en":"Thma Koul","km":"ថ្មគោល"},"geometry":{"type":"MultiPolygon","coordinates":[[[[103.2839,13.2865],[103.2127,13.2763],[103.1745,13.2387],[103.1589,13.2315],[103.1569,13.2033],[103.1749,13.1727],[103.1757,13.1595],[103.1699,13.1553],[103.1667,13.1393],[103.1587,13.1393],[103.1525,13.1083],[103.1447,13.1077],[103.1455,13.0921],[103.0735,13.0867],[103.0719,13.0943],[103.0429,13.1041],[103.0383,13.1251],[103.0429,13.1333],[103.0391,13.1349],[102.9057,13.1357],[102.9643,13.2353],[102.9561,13.2457],[102.9661,13.2595],[102.9621,13.2657],[102.9691,13.2699],[102.9827,13.3207],[102.9925,13.3321],[102.9929,13.3481],[102.9983,13.3477],[102.9989,13.3557],[102.9843,13.3611],[102.9915,13.3811],[103.0011,13.3757],[103.0201,13.3935],[103.0355,13.3975],[103.0441,13.3919],[103.0557,13.3923],[103.0905,13.3985],[103.0981,13.4063],[103.1053,13.4047],[103.1129,13.4107],[103.1467,13.4119],[103.1565,13.4035],[103.1741,13.4111],[103.1953,13.3957],[103.2169,13.3873],[103.2625,13.3837],[103.2649,13.3657],[103.2839,13.2865]]],[[[103.2703,13.3629],[103.2731,13.3605],[103.2683,13.3601],[103.2665,13.3631],[103.2703,13.3629]]]]}},{"type":"Feature","properties":{"c":"0107","en":"Thma Puok","km":"ថ្មពួក"},"geometry":{"type":"Polygon","coordinates":[[[103.0319,14.2503],[103.0325,14.2387],[103.0227,14.2293],[103.0143,14.2313],[103.0001,14.2151],[102.9621,14.2119],[102.9519,14.2061],[102.9567,14.1977],[102.9391,14.1947],[102.9407,14.1863],[102.9305,14.1767],[102.9407,14.1497],[102.9249,14.1311],[102.9233,14.1071],[102.9083,14.0953],[102.9015,14.0833],[102.8977,14.0539],[102.9107,14.0171],[102.9017,14.0157],[102.8941,14.0079],[102.8843,14.0099],[102.8801,14.0043],[102.8653,14.0027],[102.8497,13.9869],[102.8157,13.9655],[102.8039,13.9441],[102.7829,13.9329],[102.9259,13.9327],[102.9569,13.9283],[102.9823,13.8819],[102.9971,13.8803],[103.0089,13.8851],[103.0195,13.8713],[103.0491,13.8581],[103.0523,13.8227],[103.0597,13.8173],[103.0653,13.8247],[103.0839,13.8227],[103.0895,13.8401],[103.0997,13.8383],[103.1033,13.8479],[103.1137,13.8419],[103.1273,13.8511],[103.1341,13.8451],[103.1471,13.8439],[103.1667,13.8565],[103.2211,13.8639],[103.2041,13.9393],[103.1705,13.9969],[103.1869,14.0113],[103.1929,14.0233],[103.1957,14.0391],[103.1869,14.0545],[103.2003,14.0687],[103.2003,14.0837],[103.2103,14.1093],[103.1791,14.1065],[103.1643,14.1121],[103.1431,14.1087],[103.1113,14.1163],[103.0827,14.1411],[103.0761,14.1635],[103.0319,14.2503]]]}},{"type":"Feature","properties":{"c":"0508","en":"Thpong","km":"ថ្ពង"},"geometry":{"type":"Polygon","coordinates":[[[104.3753,11.7691],[104.3239,11.8269],[104.3211,11.8401],[104.3245,11.8529],[104.3121,11.8773],[104.2671,11.9117],[104.2683,11.9263],[104.2607,11.9365],[104.2565,11.9567],[104.2435,11.9425],[104.2435,11.7551],[104.2427,11.7491],[104.2325,11.7447],[104.2253,11.7323],[104.2365,11.7095],[104.2527,11.7023],[104.2611,11.6927],[104.2683,11.6651],[104.2867,11.6529],[104.2815,11.6249],[104.2883,11.6121],[104.3707,11.5793],[104.3861,11.5629],[104.4263,11.5635],[104.4191,11.5699],[104.4295,11.5873],[104.4515,11.5989],[104.4683,11.5977],[104.4837,11.6241],[104.4909,11.6295],[104.5001,11.6291],[104.5047,11.7055],[104.5649,11.7117],[104.5759,11.7219],[104.5931,11.7201],[104.5957,11.7149],[104.6133,11.7255],[104.6231,11.7457],[104.6181,11.7925],[104.6217,11.8031],[104.6085,11.7937],[104.5951,11.7909],[104.5513,11.7437],[104.5151,11.7345],[104.4885,11.7357],[104.4625,11.7555],[104.3753,11.7691]]]}},{"type":"Feature","properties":{"c":"2109","en":"Tram Kak","km":"ត្រាំកក់"},"geometry":{"type":"Polygon","coordinates":[[[104.4251,11.1305],[104.4105,11.1369],[104.4111,11.0779],[104.4217,11.0823],[104.4335,11.0803],[104.4551,11.0689],[104.4551,11.0579],[104.4611,11.0637],[104.4685,11.0569],[104.4877,11.0709],[104.4869,11.0597],[104.4995,11.0583],[104.5325,11.0033],[104.5413,10.9661],[104.5411,10.9303],[104.5215,10.8939],[104.5359,10.8871],[104.5853,10.8863],[104.6309,10.9045],[104.6547,10.9071],[104.6743,10.8999],[104.6899,10.9043],[104.7019,10.9113],[104.7129,10.9307],[104.7127,10.9431],[104.7241,10.9481],[104.7259,10.9607],[104.7427,10.9609],[104.7493,10.9783],[104.7551,11.0397],[104.7315,11.0477],[104.7391,11.0799],[104.7315,11.0837],[104.7065,11.0793],[104.6783,11.0915],[104.6539,11.0831],[104.6445,11.0847],[104.6357,11.0781],[104.5423,11.1053],[104.5293,11.1125],[104.5125,11.1313],[104.4853,11.1237],[104.4617,11.1241],[104.4429,11.1329],[104.4251,11.1305]]]}},{"type":"Feature","properties":{"c":"2205","en":"Trapeang Prasat","km":"ត្រពាំងប្រាសាទ"},"geometry":{"type":"Polygon","coordinates":[[[104.3065,14.3837],[104.2761,14.4083],[104.2525,14.3911],[104.2447,14.3761],[104.2143,14.3677],[104.1983,14.3835],[104.1881,14.3847],[104.1711,14.3757],[104.1739,14.3597],[104.1595,14.3567],[104.1629,13.9563],[104.1747,13.9517],[104.1959,13.9325],[104.2161,13.9283],[104.2607,13.9579],[104.2727,13.9527],[104.2909,13.9601],[104.3487,13.9537],[104.3603,13.9645],[104.3909,13.9625],[104.4069,13.9527],[104.4163,13.9349],[104.4197,13.9361],[104.4201,13.9571],[104.4277,13.9731],[104.4179,13.9979],[104.4251,14.0137],[104.4233,14.0235],[104.4293,14.0267],[104.4367,14.0663],[104.4513,14.0787],[104.4691,14.1059],[104.5065,14.1401],[104.5029,14.1513],[104.4627,14.1781],[104.4421,14.2089],[104.4567,14.2129],[104.4629,14.2337],[104.4559,14.2729],[104.4673,14.3423],[104.4621,14.3469],[104.4633,14.3581],[104.4367,14.3581],[104.4157,14.3717],[104.4053,14.3663],[104.3997,14.3733],[104.3859,14.3721],[104.3755,14.3825],[104.3497,14.3685],[104.3297,14.3711],[104.3065,14.3837]]]}},{"type":"Feature","properties":{"c":"2110","en":"Treang","km":"ទ្រាំង"},"geometry":{"type":"Polygon","coordinates":[[[104.8665,10.9951],[104.8099,10.9931],[104.8131,10.9581],[104.8083,10.9367],[104.7973,10.9287],[104.7777,10.9301],[104.7767,10.9537],[104.7541,10.9601],[104.7259,10.9607],[104.7241,10.9481],[104.7127,10.9431],[104.7129,10.9307],[104.7019,10.9113],[104.6743,10.8999],[104.6743,10.8941],[104.6919,10.8729],[104.7055,10.8395],[104.7061,10.8065],[104.7253,10.7821],[104.7455,10.7769],[104.7531,10.7639],[104.7613,10.7655],[104.7643,10.7745],[104.7711,10.7781],[104.8499,10.7859],[104.8499,10.8001],[104.8625,10.8009],[104.8643,10.8181],[104.8589,10.8223],[104.8591,10.8401],[104.8529,10.8403],[104.8535,10.8853],[104.8807,10.8863],[104.8893,10.9111],[104.9633,10.9123],[104.9389,10.9429],[104.9365,10.9693],[104.9271,10.9645],[104.9069,10.9681],[104.8933,10.9547],[104.8789,10.9679],[104.8795,10.9813],[104.8665,10.9951]]]}},{"type":"Feature","properties":{"c":"0707","en":"Tuek Chhou","km":"ទឹកឈូ"},"geometry":{"type":"Polygon","coordinates":[[[104.0707,11.0119],[104.0679,11.0253],[104.0461,11.0135],[104.0221,11.0095],[104.0181,11.0197],[103.9967,11.0199],[103.9719,10.9933],[103.9161,10.9551],[103.9207,10.9467],[103.9335,10.9405],[103.9343,10.9277],[103.9333,10.9029],[103.9243,10.8957],[103.9189,10.8785],[103.9317,10.8641],[103.9241,10.8591],[103.9229,10.8517],[103.9455,10.8217],[103.9333,10.8017],[103.9331,10.7779],[103.9223,10.7691],[103.9243,10.7483],[103.9465,10.7121],[103.9573,10.7077],[103.9675,10.6717],[103.9531,10.6251],[103.9417,10.6167],[103.9327,10.6217],[103.9203,10.6083],[103.9219,10.6045],[103.9407,10.5875],[103.9763,10.5821],[104.0471,10.5505],[104.1031,10.5475],[104.1343,10.5633],[104.1537,10.5601],[104.1685,10.5725],[104.1709,10.5807],[104.1495,10.5893],[104.1445,10.5943],[104.1475,10.5973],[104.1281,10.6129],[104.1191,10.6315],[104.1403,10.6403],[104.1615,10.6419],[104.1689,10.6393],[104.1673,10.6239],[104.1709,10.6191],[104.1821,10.6279],[104.1927,10.6267],[104.1959,10.6101],[104.1897,10.5927],[104.2099,10.5715],[104.2227,10.5673],[104.2189,10.5661],[104.2227,10.5613],[104.2263,10.5663],[104.2435,10.5709],[104.2665,10.5515],[104.2769,10.5905],[104.2943,10.5767],[104.3183,10.5735],[104.3631,10.5775],[104.3633,10.5861],[104.3785,10.5999],[104.3789,10.6217],[104.3669,10.6473],[104.3615,10.6841],[104.3675,10.6877],[104.3623,10.6983],[104.3463,10.6927],[104.3245,10.7027],[104.3119,10.7195],[104.3135,10.7393],[104.3057,10.7579],[104.2841,10.7893],[104.2657,10.7953],[104.2481,10.7947],[104.2463,10.8213],[104.2381,10.8217],[104.2325,10.8139],[104.2177,10.8117],[104.1255,10.8125],[104.0985,10.8779],[104.0993,10.8991],[104.0869,10.9425],[104.0897,10.9923],[104.0781,10.9987],[104.0707,11.0119]]]}},{"type":"Feature","properties":{"c":"0408","en":"Tuek Phos","km":"ទឹកផុស"},"geometry":{"type":"Polygon","coordinates":[[[104.3639,12.3225],[104.3609,12.3309],[104.3643,12.3375],[104.3389,12.3553],[104.3147,12.3275],[104.2829,12.3217],[104.2639,12.2993],[104.2181,12.2889],[104.1909,12.2599],[104.1805,12.2415],[104.1711,12.1797],[104.1845,12.1637],[104.1861,12.1059],[104.1969,12.0951],[104.2161,12.0221],[104.2249,12.0121],[104.2519,12.0053],[104.2585,11.9957],[104.2631,11.9793],[104.2563,11.9481],[104.2683,11.9263],[104.2671,11.9117],[104.3121,11.8773],[104.3245,11.8529],[104.3211,11.8401],[104.3239,11.8269],[104.3665,11.7763],[104.3781,11.7683],[104.4005,11.7681],[104.4345,11.7589],[104.4387,11.7595],[104.4133,11.7997],[104.4177,11.8131],[104.4125,11.8385],[104.4327,11.8671],[104.4233,11.8769],[104.4269,11.9093],[104.4199,11.9307],[104.4221,11.9463],[104.4345,11.9541],[104.4697,11.9561],[104.4973,11.9711],[104.5245,11.9671],[104.5629,11.9777],[104.6001,11.9715],[104.6037,11.9783],[104.6001,12.0019],[104.6055,12.0241],[104.6125,12.0295],[104.6149,12.0439],[104.6255,12.0513],[104.6185,12.0563],[104.6137,12.1069],[104.6175,12.1151],[104.6139,12.1233],[104.5967,12.1361],[104.5843,12.1373],[104.5579,12.1537],[104.5513,12.1375],[104.5093,12.1403],[104.5073,12.1717],[104.5131,12.1787],[104.5113,12.1907],[104.5173,12.2041],[104.5087,12.2139],[104.5099,12.2253],[104.4983,12.2387],[104.4997,12.2567],[104.4917,12.2539],[104.4773,12.2595],[104.4645,12.2505],[104.4401,12.2605],[104.3993,12.2531],[104.3893,12.2663],[104.3905,12.2903],[104.3703,12.2919],[104.3639,12.3225]]]}},{"type":"Feature","properties":{"c":"1204","en":"Tuol Kouk","km":"ខណ្ឌទួលគោក"},"geometry":{"type":"Polygon","coordinates":[[[104.9003,11.5503],[104.9081,11.5573],[104.9035,11.5775],[104.9075,11.5829],[104.8969,11.5907],[104.8881,11.5843],[104.8919,11.5619],[104.8871,11.5547],[104.8901,11.5501],[104.9003,11.5503]]]}},{"type":"Feature","properties":{"c":"1714","en":"Varin","km":"វ៉ារិន"},"geometry":{"type":"Polygon","coordinates":[[[104.0385,13.9675],[103.6887,13.9649],[103.6819,13.9603],[103.7293,13.8993],[103.7271,13.8449],[103.7347,13.8487],[103.7417,13.8275],[103.7315,13.7943],[103.7101,13.7889],[103.6805,13.7691],[103.7027,13.7639],[103.7063,13.7581],[103.8121,13.7581],[103.8611,13.7447],[103.8847,13.7279],[103.8811,13.7211],[103.8573,13.7113],[103.8501,13.7017],[103.8857,13.6873],[103.9115,13.6957],[103.9273,13.6803],[104.0139,13.7125],[104.0253,13.7085],[104.0425,13.7387],[104.0509,13.7379],[104.0491,13.7223],[104.0531,13.7181],[104.0605,13.7513],[104.0689,13.7633],[104.1157,13.7891],[104.1035,13.8357],[104.1075,13.8579],[104.0993,13.8705],[104.0971,13.8899],[104.1111,13.9125],[104.1129,13.9667],[104.0385,13.9675]]]}},{"type":"Feature","properties":{"c":"1506","en":"Veal Veaeng","km":"វាលវែង"},"geometry":{"type":"Polygon","coordinates":[[[103.3601,12.5603],[103.3279,12.5677],[103.3247,12.5667],[103.3277,12.5605],[103.3073,12.5603],[103.3019,12.5461],[103.2859,12.5497],[103.2481,12.5197],[103.2309,12.5265],[103.2231,12.5249],[103.2071,12.5113],[103.1829,12.5049],[103.1597,12.4813],[103.1367,12.4887],[103.1033,12.4637],[103.0831,12.4645],[103.0723,12.4597],[103.0711,12.4401],[103.0667,12.4375],[103.0225,12.4475],[103.0063,12.4777],[102.9957,12.4847],[102.9823,12.4723],[102.9737,12.4577],[102.9747,12.4509],[102.9549,12.4429],[102.9427,12.4315],[102.9241,12.4345],[102.9125,12.4289],[102.9031,12.4321],[102.8771,12.4071],[102.8735,12.3983],[102.8361,12.4117],[102.8205,12.3927],[102.8189,12.3769],[102.8095,12.3715],[102.7849,12.4003],[102.7425,12.3865],[102.7257,12.3637],[102.7255,12.2995],[102.7141,12.2643],[102.7185,12.2255],[102.7087,12.2055],[102.7123,12.1959],[102.7045,12.1743],[102.7099,12.1531],[102.7325,12.1243],[102.7345,12.1109],[102.7521,12.0939],[102.7581,12.0811],[102.7711,12.0723],[102.7741,12.0361],[102.7797,12.0231],[102.7977,12.0135],[102.9727,12.0023],[103.0187,11.9887],[103.1119,11.9479],[103.1401,11.9443],[103.1525,11.9479],[103.1597,11.9443],[103.1851,11.9525],[103.1987,11.9635],[103.2231,11.9569],[103.2295,11.9631],[103.2313,11.9759],[103.2525,11.9739],[103.2681,11.9885],[103.2893,11.9805],[103.3113,11.9859],[103.3195,12.0087],[103.3289,12.0169],[103.3467,12.0275],[103.3627,12.0305],[103.3643,12.0597],[103.3741,12.0699],[103.3849,12.0705],[103.3821,12.0959],[103.3917,12.1073],[103.3989,12.1091],[103.4325,12.0873],[103.4589,12.1015],[103.4715,12.1161],[103.4897,12.0997],[103.5087,12.1059],[103.5097,12.1175],[103.5005,12.1315],[103.5155,12.1579],[103.5103,12.1739],[103.5187,12.2067],[103.5147,12.2123],[103.5179,12.2195],[103.5221,12.2193],[103.5233,12.2329],[103.5195,12.2351],[103.5297,12.2465],[103.5291,12.2815],[103.5259,12.2831],[103.5319,12.2907],[103.5123,12.3025],[103.5095,12.3303],[103.4925,12.3589],[103.4839,12.3897],[103.4931,12.4175],[103.4901,12.4277],[103.4827,12.4307],[103.4685,12.4503],[103.4787,12.4659],[103.4675,12.4925],[103.4719,12.5027],[103.4609,12.5237],[103.4467,12.5383],[103.3997,12.5581],[103.3817,12.5571],[103.3697,12.5505],[103.3619,12.5523],[103.3601,12.5603]]]}},{"type":"Feature","properties":{"c":"1609","en":"Veun Sai","km":"វើនសៃ"},"geometry":{"type":"Polygon","coordinates":[[[106.7871,14.3417],[106.7697,14.3805],[106.7551,14.3869],[106.7471,14.3469],[106.7505,14.2739],[106.7595,14.2359],[106.7531,14.2103],[106.7515,14.1737],[106.7837,14.0997],[106.7891,14.0829],[106.7867,14.0685],[106.7493,14.0211],[106.7315,14.0193],[106.6957,13.9951],[106.6689,13.9967],[106.6551,13.9867],[106.6301,13.9941],[106.6165,13.9923],[106.6125,13.9761],[106.6183,13.9447],[106.6261,13.9347],[106.6251,13.9065],[106.6373,13.8887],[106.6325,13.8671],[106.6481,13.8547],[106.6521,13.8385],[106.6581,13.8381],[106.6639,13.8299],[106.6581,13.8231],[106.7105,13.8075],[106.7265,13.8071],[106.7457,13.7925],[106.7697,13.7873],[106.7757,13.7903],[106.7957,13.7765],[106.8123,13.7717],[106.8239,13.7733],[106.8495,13.7909],[106.8725,13.7995],[106.8797,13.7933],[106.8845,13.7977],[106.8915,13.7953],[106.9073,13.8065],[106.9177,13.8069],[106.9205,13.8233],[106.9105,13.8363],[106.9069,13.8637],[106.9261,13.8781],[106.9337,13.8911],[106.9483,13.8855],[106.9651,13.9027],[106.9905,13.9381],[107.0003,13.9629],[107.0663,13.9735],[107.0279,14.0435],[107.0293,14.0587],[107.0489,14.0911],[107.0589,14.0923],[107.0679,14.1029],[107.0649,14.1145],[107.0523,14.1239],[107.0593,14.1343],[107.0591,14.1451],[107.0525,14.1473],[107.0533,14.1515],[107.0429,14.1523],[107.0339,14.1623],[107.0267,14.1847],[107.0301,14.2005],[107.0097,14.2233],[107.0071,14.2671],[106.9911,14.2817],[106.9899,14.3589],[106.9761,14.3575],[106.9717,14.3407],[106.9785,14.3345],[106.9673,14.3149],[106.9455,14.3151],[106.9377,14.3235],[106.8963,14.3327],[106.8929,14.3129],[106.8653,14.3175],[106.8521,14.3031],[106.8505,14.2939],[106.8429,14.2929],[106.8389,14.2941],[106.8349,14.3093],[106.8159,14.3121],[106.7977,14.3269],[106.7939,14.3407],[106.7871,14.3417]]]}}]}